BuffName,is_weapon,is_debuff,is_additional_ability,is_cinema,from,exist,description,durationtype,maxduration,maxcount,incrementalstep,prejudge,endjudge,freshtype,alltime,hitincrease,increaseCD,readyto_increase,simple_judge_logic,simple_start_logic,simple_end_logic,simple_hit_logic,simple_effect_logic,simple_exit_logic,refinement,add_buff_to,schedule_judge,individual_settled,backend_acitve
Buff-角色-艾莲-核心被动,0.0,0.0,0.0,0.0,艾莲,0.0,冲刺攻击和冰普攻的爆伤+100%,0.0,0.0,1.0,1.0,1.0,0.0,1.0,0.0,0.0,0.0,1.0,1.0,1.0,1.0,1.0,1.0,1.0,0.0,1000.0,0.0,0.0,0.0
Buff-角色-艾莲-额外能力,0.0,0.0,1.0,0.0,艾莲,0.0,造成冰伤时使后续冰伤+3%,1.0,600.0,10.0,1.0,0.0,0.0,1.0,0.0,1.0,0.0,1.0,1.0,1.0,1.0,1.0,1.0,1.0,0.0,1000.0,0.0,0.0,0.0
Buff-武器-精1深海访客-冰伤,1.0,0.0,0.0,0.0,深海访客,0.0,常驻冰伤,0.0,0.0,1.0,1.0,0.0,0.0,1.0,1.0,0.0,0.0,1.0,1.0,1.0,1.0,1.0,1.0,1.0,1.0,1000.0,0.0,0.0,0.0
Buff-武器-精1深海访客-暴击率-1,1.0,0.0,0.0,0.0,深海访客,0.0,普攻命中加暴击,1.0,480.0,1.0,1.0,0.0,0.0,1.0,0.0,1.0,0.0,1.0,1.0,1.0,1.0,1.0,1.0,1.0,1.0,1000.0,0.0,0.0,0.0
Buff-武器-精1深海访客-暴击率-2,1.0,0.0,0.0,0.0,深海访客,0.0,冲刺攻击造成冰伤加暴击,1.0,900.0,1.0,1.0,0.0,0.0,1.0,0.0,1.0,0.0,1.0,1.0,1.0,1.0,1.0,1.0,1.0,1.0,1000.0,0.0,0.0,0.0
Buff-武器-精2深海访客-冰伤,1.0,0.0,0.0,0.0,深海访客,0.0,常驻冰伤,0.0,0.0,1.0,1.0,0.0,0.0,1.0,1.0,0.0,0.0,1.0,1.0,1.0,1.0,1.0,1.0,1.0,2.0,1000.0,0.0,0.0,0.0
Buff-武器-精2深海访客-暴击率-1,1.0,0.0,0.0,0.0,深海访客,0.0,普攻命中加暴击,1.0,480.0,1.0,1.0,0.0,0.0,1.0,0.0,1.0,0.0,1.0,1.0,1.0,1.0,1.0,1.0,1.0,2.0,1000.0,0.0,0.0,0.0
Buff-武器-精2深海访客-暴击率-2,1.0,0.0,0.0,0.0,深海访客,0.0,冲刺攻击造成冰伤加暴击,1.0,900.0,1.0,1.0,0.0,0.0,1.0,0.0,1.0,0.0,1.0,1.0,1.0,1.0,1.0,1.0,1.0,2.0,1000.0,0.0,0.0,0.0
Buff-武器-精3深海访客-冰伤,1.0,0.0,0.0,0.0,深海访客,0.0,常驻冰伤,0.0,0.0,1.0,1.0,0.0,0.0,1.0,1.0,0.0,0.0,1.0,1.0,1.0,1.0,1.0,1.0,1.0,3.0,1000.0,0.0,0.0,0.0
Buff-武器-精3深海访客-暴击率-1,1.0,0.0,0.0,0.0,深海访客,0.0,普攻命中加暴击,1.0,480.0,1.0,1.0,0.0,0.0,1.0,0.0,1.0,0.0,1.0,1.0,1.0,1.0,1.0,1.0,1.0,3.0,1000.0,0.0,0.0,0.0
Buff-武器-精3深海访客-暴击率-2,1.0,0.0,0.0,0.0,深海访客,0.0,冲刺攻击造成冰伤加暴击,1.0,900.0,1.0,1.0,0.0,0.0,1.0,0.0,1.0,0.0,1.0,1.0,1.0,1.0,1.0,1.0,1.0,3.0,1000.0,0.0,0.0,0.0
Buff-武器-精4深海访客-冰伤,1.0,0.0,0.0,0.0,深海访客,0.0,常驻冰伤,0.0,0.0,1.0,1.0,0.0,0.0,1.0,1.0,0.0,0.0,1.0,1.0,1.0,1.0,1.0,1.0,1.0,4.0,1000.0,0.0,0.0,0.0
Buff-武器-精4深海访客-暴击率-1,1.0,0.0,0.0,0.0,深海访客,0.0,普攻命中加暴击,1.0,480.0,1.0,1.0,0.0,0.0,1.0,0.0,1.0,0.0,1.0,1.0,1.0,1.0,1.0,1.0,1.0,4.0,1000.0,0.0,0.0,0.0
Buff-武器-精4深海访客-暴击率-2,1.0,0.0,0.0,0.0,深海访客,0.0,冲刺攻击造成冰伤加暴击,1.0,900.0,1.0,1.0,0.0,0.0,1.0,0.0,1.0,0.0,1.0,1.0,1.0,1.0,1.0,1.0,1.0,4.0,1000.0,0.0,0.0,0.0
Buff-武器-精5深海访客-冰伤,1.0,0.0,0.0,0.0,深海访客,0.0,常驻冰伤,0.0,0.0,1.0,1.0,0.0,0.0,1.0,1.0,0.0,0.0,1.0,1.0,1.0,1.0,1.0,1.0,1.0,5.0,1000.0,0.0,0.0,0.0
Buff-武器-精5深海访客-暴击率-1,1.0,0.0,0.0,0.0,深海访客,0.0,普攻命中加暴击,1.0,480.0,1.0,1.0,0.0,0.0,1.0,0.0,1.0,0.0,1.0,1.0,1.0,1.0,1.0,1.0,1.0,5.0,1000.0,0.0,0.0,0.0
Buff-武器-精5深海访客-暴击率-2,1.0,0.0,0.0,0.0,深海访客,0.0,冲刺攻击造成冰伤加暴击,1.0,900.0,1.0,1.0,0.0,0.0,1.0,0.0,1.0,0.0,1.0,1.0,1.0,1.0,1.0,1.0,1.0,5.0,1000.0,0.0,0.0,0.0
Buff-驱动盘-极地重金属-冲刺攻击增伤,0.0,0.0,0.0,0.0,极地重金属,0.0,冲刺攻击增伤20%,0.0,0.0,1.0,1.0,0.0,0.0,1.0,1.0,0.0,0.0,1.0,1.0,1.0,1.0,1.0,1.0,1.0,0.0,1000.0,0.0,0.0,0.0
Buff-驱动盘-极地重金属-普攻增伤,0.0,0.0,0.0,0.0,极地重金属,0.0,普攻增伤20%,0.0,0.0,1.0,1.0,0.0,0.0,1.0,1.0,0.0,0.0,1.0,1.0,1.0,1.0,1.0,1.0,1.0,0.0,1000.0,0.0,0.0,0.0
Buff-驱动盘-极地重金属-冲刺与普攻增伤-有条件,0.0,0.0,0.0,0.0,极地重金属,0.0,施加冻结或触发碎冰使冲刺攻击和普攻伤害提高40%,1.0,720.0,1.0,1.0,0.0,0.0,1.0,0.0,0.0,0.0,1.0,0.0,1.0,1.0,1.0,1.0,1.0,0.0,1000.0,1.0,0.0,0.0
Buff-驱动盘-震星迪斯科,0.0,0.0,0.0,0.0,震星迪斯科,0.0,普攻、冲刺攻击、闪避反击的失衡值提升20%,0.0,0.0,1.0,1.0,0.0,0.0,1.0,1.0,0.0,0.0,1.0,1.0,1.0,1.0,1.0,1.0,1.0,0.0,1000.0,0.0,0.0,1.0
Buff-驱动盘-啄木鸟电音-普攻,0.0,0.0,0.0,0.0,啄木鸟电音,0.0,普攻E暴击时，+9%攻击力,1.0,360.0,1.0,1.0,0.0,0.0,1.0,0.0,0.0,0.0,1.0,0.0,1.0,1.0,1.0,1.0,1.0,0.0,1000.0,1.0,0.0,0.0
Buff-驱动盘-啄木鸟电音-闪避反击,0.0,0.0,0.0,0.0,啄木鸟电音,0.0,闪反暴击时，+9%攻击力,1.0,360.0,1.0,1.0,0.0,0.0,1.0,0.0,0.0,0.0,1.0,0.0,1.0,1.0,1.0,1.0,1.0,0.0,1000.0,1.0,0.0,0.0
Buff-驱动盘-啄木鸟电音-强化特殊技,0.0,0.0,0.0,0.0,啄木鸟电音,0.0,强化E暴击时，+9%攻击力,1.0,360.0,1.0,1.0,0.0,0.0,1.0,0.0,0.0,0.0,1.0,0.0,1.0,1.0,1.0,1.0,1.0,0.0,1000.0,1.0,0.0,0.0
Buff-角色-莱特-核心被动-冲击力提升,0.0,0.0,0.0,0.0,莱特,0.0,每消耗1点士气，冲击力提升0.2%,1.0,360.0,100.0,1.0,0.0,0.0,1.0,0.0,0.0,0.0,1.0,0.0,1.0,1.0,1.0,0.0,1.0,0.0,1000.0,0.0,0.0,0.0
Buff-角色-莱特-核心被动-冰火双抗,0.0,1.0,0.0,0.0,莱特,0.0,轻拳起攻或是刺拳连击命中减目标双抗,1.0,1800.0,1.0,1.0,0.0,0.0,1.0,0.0,1.0,0.0,1.0,1.0,1.0,1.0,1.0,1.0,1.0,0.0,1.0,0.0,0.0,0.0
Buff-角色-莱特-核心被动-失衡时间延长,0.0,1.0,0.0,0.0,莱特,0.0,终结一击命中敌人时使失衡时间延长,1.0,999999.0,1.0,1.0,0.0,0.0,1.0,0.0,1.0,0.0,1.0,1.0,1.0,1.0,1.0,1.0,0.0,0.0,1.0,0.0,0.0,0.0
Buff-角色-莱特-额外能力-冰火增伤,0.0,0.0,1.0,0.0,莱特,0.0,士气喷发状态下的A5给全队加冰火伤,1.0,1800.0,300.0,5.0,0.0,0.0,1.0,0.0,1.0,0.0,1.0,1.0,1.0,1.0,0.0,1.0,1.0,0.0,1110.0,0.0,0.0,0.0
Buff-角色-莱卡恩-核心被动-失衡值提升,0.0,0.0,0.0,0.0,莱卡恩,0.0,蓄力普攻的失衡值提升80%,1.0,0.0,1.0,1.0,0.0,0.0,1.0,0.0,0.0,0.0,1.0,1.0,1.0,1.0,1.0,1.0,1.0,0.0,1000.0,0.0,0.0,0.0
Buff-角色-莱卡恩-核心被动-减冰抗,0.0,1.0,0.0,0.0,莱卡恩,0.0,强化E或支援突击命中时降低目标25%冰抗,1.0,1800.0,1.0,1.0,0.0,0.0,1.0,0.0,0.0,0.0,1.0,1.0,1.0,1.0,1.0,1.0,1.0,0.0,1.0,0.0,0.0,0.0
Buff-角色-莱卡恩-额外能力-失衡易伤倍率,0.0,1.0,1.0,0.0,莱卡恩,0.0,莱卡恩攻击命中处于失衡状态下的敌人时，目标失衡易伤倍率提高35%,1.0,999999.0,1.0,1.0,0.0,0.0,1.0,0.0,0.0,0.0,1.0,0.0,1.0,1.0,1.0,1.0,0.0,0.0,1.0,1.0,0.0,0.0
Buff-异常-霜寒,0.0,1.0,0.0,0.0,enemy,0.0,受到暴击伤害+10%,1.0,600.0,1.0,1.0,0.0,0.0,1.0,0.0,0.0,0.0,1.0,1.0,1.0,1.0,1.0,1.0,0.0,0.0,1.0,0.0,0.0,0.0
Buff-异常-畏缩,0.0,1.0,0.0,0.0,enemy,0.0,受到的失衡值+7.5%,1.0,600.0,1.0,1.0,0.0,0.0,1.0,0.0,0.0,0.0,1.0,1.0,1.0,1.0,1.0,1.0,0.0,0.0,1.0,0.0,0.0,0.0
Buff-角色-苍角-核心被动-1,0.0,0.0,0.0,0.0,苍角,0.0,500点攻击力,1.0,1800.0,500.0,1.0,1.0,0.0,1.0,0.0,0.0,0.0,1.0,1.0,0.0,1.0,1.0,1.0,1.0,0.0,100.0,0.0,0.0,0.0
Buff-角色-苍角-核心被动-2,0.0,0.0,0.0,0.0,苍角,0.0,三豆给额外500攻击力,1.0,1800.0,500.0,1.0,1.0,0.0,1.0,0.0,0.0,0.0,1.0,0.0,0.0,1.0,1.0,1.0,1.0,0.0,100.0,0.0,0.0,0.0
Buff-武器-精1含羞恶面-冰伤,1.0,0.0,0.0,0.0,含羞恶面,0.0,常驻冰伤,0.0,0.0,1.0,0.0,0.0,0.0,1.0,1.0,0.0,0.0,1.0,1.0,1.0,1.0,1.0,1.0,1.0,1.0,1000.0,0.0,0.0,0.0
Buff-武器-精2含羞恶面-冰伤,1.0,0.0,0.0,0.0,含羞恶面,0.0,常驻冰伤,0.0,0.0,1.0,0.0,0.0,0.0,1.0,1.0,0.0,0.0,1.0,1.0,1.0,1.0,1.0,1.0,1.0,2.0,1000.0,0.0,0.0,0.0
Buff-武器-精3含羞恶面-冰伤,1.0,0.0,0.0,0.0,含羞恶面,0.0,常驻冰伤,0.0,0.0,1.0,0.0,0.0,0.0,1.0,1.0,0.0,0.0,1.0,1.0,1.0,1.0,1.0,1.0,1.0,3.0,1000.0,0.0,0.0,0.0
Buff-武器-精4含羞恶面-冰伤,1.0,0.0,0.0,0.0,含羞恶面,0.0,常驻冰伤,0.0,0.0,1.0,0.0,0.0,0.0,1.0,1.0,0.0,0.0,1.0,1.0,1.0,1.0,1.0,1.0,1.0,4.0,1000.0,0.0,0.0,0.0
Buff-武器-精5含羞恶面-冰伤,1.0,0.0,0.0,0.0,含羞恶面,0.0,常驻冰伤,0.0,0.0,1.0,0.0,0.0,0.0,1.0,1.0,0.0,0.0,1.0,1.0,1.0,1.0,1.0,1.0,1.0,5.0,1000.0,0.0,0.0,0.0
Buff-武器-精1含羞恶面-叠层攻击力,1.0,0.0,0.0,0.0,含羞恶面,0.0,发动强化E时全队攻击力提升,1.0,720.0,4.0,1.0,1.0,0.0,1.0,0.0,0.0,0.0,1.0,1.0,1.0,1.0,1.0,1.0,1.0,1.0,1110.0,0.0,0.0,0.0
Buff-武器-精2含羞恶面-叠层攻击力,1.0,0.0,0.0,0.0,含羞恶面,0.0,发动强化E时全队攻击力提升,1.0,720.0,4.0,1.0,1.0,0.0,1.0,0.0,0.0,0.0,1.0,1.0,1.0,1.0,1.0,1.0,1.0,2.0,1110.0,0.0,0.0,0.0
Buff-武器-精3含羞恶面-叠层攻击力,1.0,0.0,0.0,0.0,含羞恶面,0.0,发动强化E时全队攻击力提升,1.0,720.0,4.0,1.0,1.0,0.0,1.0,0.0,0.0,0.0,1.0,1.0,1.0,1.0,1.0,1.0,1.0,3.0,1110.0,0.0,0.0,0.0
Buff-武器-精4含羞恶面-叠层攻击力,1.0,0.0,0.0,0.0,含羞恶面,0.0,发动强化E时全队攻击力提升,1.0,720.0,4.0,1.0,1.0,0.0,1.0,0.0,0.0,0.0,1.0,1.0,1.0,1.0,1.0,1.0,1.0,4.0,1110.0,0.0,0.0,0.0
Buff-武器-精5含羞恶面-叠层攻击力,1.0,0.0,0.0,0.0,含羞恶面,0.0,发动强化E时全队攻击力提升,1.0,720.0,4.0,1.0,1.0,0.0,1.0,0.0,0.0,0.0,1.0,1.0,1.0,1.0,1.0,1.0,1.0,5.0,1110.0,0.0,0.0,0.0
Buff-武器-精1燃狱齿轮-后台能量自动回复,1.0,0.0,0.0,0.0,燃狱齿轮,0.0,位于后台时能量自动回复提升,0.0,0.0,1.0,1.0,0.0,0.0,1.0,0.0,0.0,0.0,1.0,0.0,1.0,1.0,1.0,1.0,0.0,1.0,1000.0,0.0,0.0,1.0
Buff-武器-精2燃狱齿轮-后台能量自动回复,1.0,0.0,0.0,0.0,燃狱齿轮,0.0,位于后台时能量自动回复提升,0.0,0.0,1.0,1.0,0.0,0.0,1.0,0.0,0.0,0.0,1.0,0.0,1.0,1.0,1.0,1.0,0.0,2.0,1000.0,0.0,0.0,1.0
Buff-武器-精3燃狱齿轮-后台能量自动回复,1.0,0.0,0.0,0.0,燃狱齿轮,0.0,位于后台时能量自动回复提升,0.0,0.0,1.0,1.0,0.0,0.0,1.0,0.0,0.0,0.0,1.0,0.0,1.0,1.0,1.0,1.0,0.0,3.0,1000.0,0.0,0.0,1.0
Buff-武器-精4燃狱齿轮-后台能量自动回复,1.0,0.0,0.0,0.0,燃狱齿轮,0.0,位于后台时能量自动回复提升,0.0,0.0,1.0,1.0,0.0,0.0,1.0,0.0,0.0,0.0,1.0,0.0,1.0,1.0,1.0,1.0,0.0,4.0,1000.0,0.0,0.0,1.0
Buff-武器-精5燃狱齿轮-后台能量自动回复,1.0,0.0,0.0,0.0,燃狱齿轮,0.0,位于后台时能量自动回复提升,0.0,0.0,1.0,1.0,0.0,0.0,1.0,0.0,0.0,0.0,1.0,0.0,1.0,1.0,1.0,1.0,0.0,5.0,1000.0,0.0,0.0,1.0
Buff-武器-精1燃狱齿轮-叠层冲击力,1.0,0.0,0.0,0.0,燃狱齿轮,0.0,发动强化特殊技时冲击力提升,1.0,600.0,2.0,1.0,1.0,0.0,1.0,0.0,0.0,0.0,1.0,1.0,1.0,1.0,1.0,1.0,1.0,1.0,1000.0,0.0,1.0,0.0
Buff-武器-精2燃狱齿轮-叠层冲击力,1.0,0.0,0.0,0.0,燃狱齿轮,0.0,发动强化特殊技时冲击力提升,1.0,600.0,2.0,1.0,1.0,0.0,1.0,0.0,0.0,0.0,1.0,1.0,1.0,1.0,1.0,1.0,1.0,2.0,1000.0,0.0,1.0,0.0
Buff-武器-精3燃狱齿轮-叠层冲击力,1.0,0.0,0.0,0.0,燃狱齿轮,0.0,发动强化特殊技时冲击力提升,1.0,600.0,2.0,1.0,1.0,0.0,1.0,0.0,0.0,0.0,1.0,1.0,1.0,1.0,1.0,1.0,1.0,3.0,1000.0,0.0,1.0,0.0
Buff-武器-精4燃狱齿轮-叠层冲击力,1.0,0.0,0.0,0.0,燃狱齿轮,0.0,发动强化特殊技时冲击力提升,1.0,600.0,2.0,1.0,1.0,0.0,1.0,0.0,0.0,0.0,1.0,1.0,1.0,1.0,1.0,1.0,1.0,4.0,1000.0,0.0,1.0,0.0
Buff-武器-精5燃狱齿轮-叠层冲击力,1.0,0.0,0.0,0.0,燃狱齿轮,0.0,发动强化特殊技时冲击力提升,1.0,600.0,2.0,1.0,1.0,0.0,1.0,0.0,0.0,0.0,1.0,1.0,1.0,1.0,1.0,1.0,1.0,5.0,1000.0,0.0,1.0,0.0
Buff-武器-精1拘缚者,1.0,0.0,0.0,0.0,拘缚者,0.0,攻击命中敌人时，普攻造成的伤害和失衡值提升,1.0,480.0,5.0,1.0,0.0,0.0,1.0,0.0,1.0,0.0,1.0,1.0,1.0,1.0,1.0,1.0,1.0,1.0,1000.0,0.0,1.0,0.0
Buff-武器-精2拘缚者,1.0,0.0,0.0,0.0,拘缚者,0.0,攻击命中敌人时，普攻造成的伤害和失衡值提升,1.0,480.0,5.0,1.0,0.0,0.0,1.0,0.0,1.0,0.0,1.0,1.0,1.0,1.0,1.0,1.0,1.0,2.0,1000.0,0.0,1.0,0.0
Buff-武器-精3拘缚者,1.0,0.0,0.0,0.0,拘缚者,0.0,攻击命中敌人时，普攻造成的伤害和失衡值提升,1.0,480.0,5.0,1.0,0.0,0.0,1.0,0.0,1.0,0.0,1.0,1.0,1.0,1.0,1.0,1.0,1.0,3.0,1000.0,0.0,1.0,0.0
Buff-武器-精4拘缚者,1.0,0.0,0.0,0.0,拘缚者,0.0,攻击命中敌人时，普攻造成的伤害和失衡值提升,1.0,480.0,5.0,1.0,0.0,0.0,1.0,0.0,1.0,0.0,1.0,1.0,1.0,1.0,1.0,1.0,1.0,4.0,1000.0,0.0,1.0,0.0
Buff-武器-精5拘缚者,1.0,0.0,0.0,0.0,拘缚者,0.0,攻击命中敌人时，普攻造成的伤害和失衡值提升,1.0,480.0,5.0,1.0,0.0,0.0,1.0,0.0,1.0,0.0,1.0,1.0,1.0,1.0,1.0,1.0,1.0,5.0,1000.0,0.0,1.0,0.0
Buff-武器-精1焰心桂冠-冲击力提升,1.0,0.0,0.0,0.0,焰心桂冠,0.0,发动快速支援或极限支援时冲击力提升,1.0,480.0,1.0,1.0,1.0,0.0,1.0,0.0,0.0,0.0,1.0,1.0,1.0,1.0,1.0,1.0,1.0,1.0,1000.0,0.0,0.0,0.0
Buff-武器-精2焰心桂冠-冲击力提升,1.0,0.0,0.0,0.0,焰心桂冠,0.0,发动快速支援或极限支援时冲击力提升,1.0,480.0,1.0,1.0,1.0,0.0,1.0,0.0,0.0,0.0,1.0,1.0,1.0,1.0,1.0,1.0,1.0,2.0,1000.0,0.0,0.0,0.0
Buff-武器-精3焰心桂冠-冲击力提升,1.0,0.0,0.0,0.0,焰心桂冠,0.0,发动快速支援或极限支援时冲击力提升,1.0,480.0,1.0,1.0,1.0,0.0,1.0,0.0,0.0,0.0,1.0,1.0,1.0,1.0,1.0,1.0,1.0,3.0,1000.0,0.0,0.0,0.0
Buff-武器-精4焰心桂冠-冲击力提升,1.0,0.0,0.0,0.0,焰心桂冠,0.0,发动快速支援或极限支援时冲击力提升,1.0,480.0,1.0,1.0,1.0,0.0,1.0,0.0,0.0,0.0,1.0,1.0,1.0,1.0,1.0,1.0,1.0,4.0,1000.0,0.0,0.0,0.0
Buff-武器-精5焰心桂冠-冲击力提升,1.0,0.0,0.0,0.0,焰心桂冠,0.0,发动快速支援或极限支援时冲击力提升,1.0,480.0,1.0,1.0,1.0,0.0,1.0,0.0,0.0,0.0,1.0,1.0,1.0,1.0,1.0,1.0,1.0,5.0,1000.0,0.0,0.0,0.0
Buff-武器-精1焰心桂冠-受暴伤提升,1.0,1.0,0.0,0.0,焰心桂冠,0.0,普攻命中时施加爆伤提升,1.0,1800.0,20.0,1.0,0.0,0.0,1.0,0.0,1.0,0.0,1.0,1.0,1.0,1.0,1.0,1.0,1.0,1.0,1.0,0.0,0.0,0.0
Buff-武器-精2焰心桂冠-受暴伤提升,1.0,1.0,0.0,0.0,焰心桂冠,0.0,普攻命中时施加爆伤提升,1.0,1800.0,20.0,1.0,0.0,0.0,1.0,0.0,1.0,0.0,1.0,1.0,1.0,1.0,1.0,1.0,1.0,2.0,1.0,0.0,0.0,0.0
Buff-武器-精3焰心桂冠-受暴伤提升,1.0,1.0,0.0,0.0,焰心桂冠,0.0,普攻命中时施加爆伤提升,1.0,1800.0,20.0,1.0,0.0,0.0,1.0,0.0,1.0,0.0,1.0,1.0,1.0,1.0,1.0,1.0,1.0,3.0,1.0,0.0,0.0,0.0
Buff-武器-精4焰心桂冠-受暴伤提升,1.0,1.0,0.0,0.0,焰心桂冠,0.0,普攻命中时施加爆伤提升,1.0,1800.0,20.0,1.0,0.0,0.0,1.0,0.0,1.0,0.0,1.0,1.0,1.0,1.0,1.0,1.0,1.0,4.0,1.0,0.0,0.0,0.0
Buff-武器-精5焰心桂冠-受暴伤提升,1.0,1.0,0.0,0.0,焰心桂冠,0.0,普攻命中时施加爆伤提升,1.0,1800.0,20.0,1.0,0.0,0.0,1.0,0.0,1.0,0.0,1.0,1.0,1.0,1.0,1.0,1.0,1.0,5.0,1.0,0.0,0.0,0.0
Buff-武器-精1玉壶青冰-普攻加冲击,1.0,0.0,0.0,0.0,玉壶青冰,0.0,普攻命中时冲击力提升,1.0,480.0,30.0,1.0,0.0,0.0,1.0,0.0,1.0,0.0,1.0,1.0,1.0,1.0,1.0,1.0,1.0,1.0,1000.0,0.0,0.0,0.0
Buff-武器-精2玉壶青冰-普攻加冲击,1.0,0.0,0.0,0.0,玉壶青冰,0.0,普攻命中时冲击力提升,1.0,480.0,30.0,1.0,0.0,0.0,1.0,0.0,1.0,0.0,1.0,1.0,1.0,1.0,1.0,1.0,1.0,2.0,1000.0,0.0,0.0,0.0
Buff-武器-精3玉壶青冰-普攻加冲击,1.0,0.0,0.0,0.0,玉壶青冰,0.0,普攻命中时冲击力提升,1.0,480.0,30.0,1.0,0.0,0.0,1.0,0.0,1.0,0.0,1.0,1.0,1.0,1.0,1.0,1.0,1.0,3.0,1000.0,0.0,0.0,0.0
Buff-武器-精4玉壶青冰-普攻加冲击,1.0,0.0,0.0,0.0,玉壶青冰,0.0,普攻命中时冲击力提升,1.0,480.0,30.0,1.0,0.0,0.0,1.0,0.0,1.0,0.0,1.0,1.0,1.0,1.0,1.0,1.0,1.0,4.0,1000.0,0.0,0.0,0.0
Buff-武器-精5玉壶青冰-普攻加冲击,1.0,0.0,0.0,0.0,玉壶青冰,0.0,普攻命中时冲击力提升,1.0,480.0,30.0,1.0,0.0,0.0,1.0,0.0,1.0,0.0,1.0,1.0,1.0,1.0,1.0,1.0,1.0,5.0,1000.0,0.0,0.0,0.0
Buff-武器-精1玉壶青冰-15层后增伤,1.0,0.0,0.0,0.0,玉壶青冰,0.0,普攻命中时若茶劲>=15层则全队增伤,1.0,600.0,1.0,1.0,0.0,0.0,1.0,0.0,1.0,0.0,1.0,0.0,1.0,1.0,1.0,1.0,1.0,1.0,1110.0,0.0,0.0,0.0
Buff-武器-精2玉壶青冰-15层后增伤,1.0,0.0,0.0,0.0,玉壶青冰,0.0,普攻命中时若茶劲>=15层则全队增伤,1.0,600.0,1.0,1.0,0.0,0.0,1.0,0.0,1.0,0.0,1.0,0.0,1.0,1.0,1.0,1.0,1.0,2.0,1110.0,0.0,0.0,0.0
Buff-武器-精3玉壶青冰-15层后增伤,1.0,0.0,0.0,0.0,玉壶青冰,0.0,普攻命中时若茶劲>=15层则全队增伤,1.0,600.0,1.0,1.0,0.0,0.0,1.0,0.0,1.0,0.0,1.0,0.0,1.0,1.0,1.0,1.0,1.0,3.0,1110.0,0.0,0.0,0.0
Buff-武器-精4玉壶青冰-15层后增伤,1.0,0.0,0.0,0.0,玉壶青冰,0.0,普攻命中时若茶劲>=15层则全队增伤,1.0,600.0,1.0,1.0,0.0,0.0,1.0,0.0,1.0,0.0,1.0,0.0,1.0,1.0,1.0,1.0,1.0,4.0,1110.0,0.0,0.0,0.0
Buff-武器-精5玉壶青冰-15层后增伤,1.0,0.0,0.0,0.0,玉壶青冰,0.0,普攻命中时若茶劲>=15层则全队增伤,1.0,600.0,1.0,1.0,0.0,0.0,1.0,0.0,1.0,0.0,1.0,0.0,1.0,1.0,1.0,1.0,1.0,5.0,1110.0,0.0,0.0,0.0
Buff-武器-精1贵重骨核-75%以上,1.0,0.0,0.0,0.0,贵重骨核,0.0,敌方生命值大于75%时增加失衡值,0.0,0.0,1.0,1.0,0.0,0.0,1.0,0.0,1.0,0.0,1.0,0.0,1.0,1.0,1.0,1.0,1.0,1.0,1000.0,0.0,0.0,0.0
Buff-武器-精2贵重骨核-75%以上,1.0,0.0,0.0,0.0,贵重骨核,0.0,敌方生命值大于75%时增加失衡值,0.0,0.0,1.0,1.0,0.0,0.0,1.0,0.0,1.0,0.0,1.0,0.0,1.0,1.0,1.0,1.0,1.0,2.0,1000.0,0.0,0.0,0.0
Buff-武器-精3贵重骨核-75%以上,1.0,0.0,0.0,0.0,贵重骨核,0.0,敌方生命值大于75%时增加失衡值,0.0,0.0,1.0,1.0,0.0,0.0,1.0,0.0,1.0,0.0,1.0,0.0,1.0,1.0,1.0,1.0,1.0,3.0,1000.0,0.0,0.0,0.0
Buff-武器-精4贵重骨核-75%以上,1.0,0.0,0.0,0.0,贵重骨核,0.0,敌方生命值大于75%时增加失衡值,0.0,0.0,1.0,1.0,0.0,0.0,1.0,0.0,1.0,0.0,1.0,0.0,1.0,1.0,1.0,1.0,1.0,4.0,1000.0,0.0,0.0,0.0
Buff-武器-精5贵重骨核-75%以上,1.0,0.0,0.0,0.0,贵重骨核,0.0,敌方生命值大于75%时增加失衡值,0.0,0.0,1.0,1.0,0.0,0.0,1.0,0.0,1.0,0.0,1.0,0.0,1.0,1.0,1.0,1.0,1.0,5.0,1000.0,0.0,0.0,0.0
Buff-武器-精1贵重骨核-50%以上,1.0,0.0,0.0,0.0,贵重骨核,0.0,敌方生命之大于50%时增加失衡值,0.0,0.0,1.0,1.0,0.0,0.0,1.0,0.0,1.0,0.0,1.0,0.0,1.0,1.0,1.0,1.0,1.0,1.0,1000.0,0.0,0.0,0.0
Buff-武器-精2贵重骨核-50%以上,1.0,0.0,0.0,0.0,贵重骨核,0.0,敌方生命之大于50%时增加失衡值,0.0,0.0,1.0,1.0,0.0,0.0,1.0,0.0,1.0,0.0,1.0,0.0,1.0,1.0,1.0,1.0,1.0,2.0,1000.0,0.0,0.0,0.0
Buff-武器-精3贵重骨核-50%以上,1.0,0.0,0.0,0.0,贵重骨核,0.0,敌方生命之大于50%时增加失衡值,0.0,0.0,1.0,1.0,0.0,0.0,1.0,0.0,1.0,0.0,1.0,0.0,1.0,1.0,1.0,1.0,1.0,3.0,1000.0,0.0,0.0,0.0
Buff-武器-精4贵重骨核-50%以上,1.0,0.0,0.0,0.0,贵重骨核,0.0,敌方生命之大于50%时增加失衡值,0.0,0.0,1.0,1.0,0.0,0.0,1.0,0.0,1.0,0.0,1.0,0.0,1.0,1.0,1.0,1.0,1.0,4.0,1000.0,0.0,0.0,0.0
Buff-武器-精5贵重骨核-50%以上,1.0,0.0,0.0,0.0,贵重骨核,0.0,敌方生命之大于50%时增加失衡值,0.0,0.0,1.0,1.0,0.0,0.0,1.0,0.0,1.0,0.0,1.0,0.0,1.0,1.0,1.0,1.0,1.0,5.0,1000.0,0.0,0.0,0.0
Buff-武器-精1人为刀俎,1.0,0.0,0.0,0.0,人为刀俎,0.0,每拥有10点能量叠层加冲击力,1.0,480.0,8.0,1.0,0.0,0.0,1.0,0.0,1.0,0.0,1.0,0.0,1.0,1.0,1.0,0.0,1.0,1.0,1000.0,0.0,0.0,0.0
Buff-武器-精2人为刀俎,1.0,0.0,0.0,0.0,人为刀俎,0.0,每拥有10点能量叠层加冲击力,1.0,480.0,8.0,1.0,0.0,0.0,1.0,0.0,1.0,0.0,1.0,0.0,1.0,1.0,1.0,0.0,1.0,2.0,1000.0,0.0,0.0,0.0
Buff-武器-精3人为刀俎,1.0,0.0,0.0,0.0,人为刀俎,0.0,每拥有10点能量叠层加冲击力,1.0,480.0,8.0,1.0,0.0,0.0,1.0,0.0,1.0,0.0,1.0,0.0,1.0,1.0,1.0,0.0,1.0,3.0,1000.0,0.0,0.0,0.0
Buff-武器-精4人为刀俎,1.0,0.0,0.0,0.0,人为刀俎,0.0,每拥有10点能量叠层加冲击力,1.0,480.0,8.0,1.0,0.0,0.0,1.0,0.0,1.0,0.0,1.0,0.0,1.0,1.0,1.0,0.0,1.0,4.0,1000.0,0.0,0.0,0.0
Buff-武器-精5人为刀俎,1.0,0.0,0.0,0.0,人为刀俎,0.0,每拥有10点能量叠层加冲击力,1.0,480.0,8.0,1.0,0.0,0.0,1.0,0.0,1.0,0.0,1.0,0.0,1.0,1.0,1.0,0.0,1.0,5.0,1000.0,0.0,0.0,0.0
Buff-武器-精1德玛拉电池II型-电伤,1.0,0.0,0.0,0.0,德玛拉电池Ⅱ型,0.0,电伤提升,0.0,0.0,1.0,1.0,0.0,0.0,1.0,1.0,0.0,0.0,1.0,1.0,1.0,1.0,1.0,1.0,1.0,1.0,1000.0,0.0,0.0,0.0
Buff-武器-精2德玛拉电池II型-电伤,1.0,0.0,0.0,0.0,德玛拉电池Ⅱ型,0.0,电伤提升,0.0,0.0,1.0,1.0,0.0,0.0,1.0,1.0,0.0,0.0,1.0,1.0,1.0,1.0,1.0,1.0,1.0,2.0,1000.0,0.0,0.0,0.0
Buff-武器-精3德玛拉电池II型-电伤,1.0,0.0,0.0,0.0,德玛拉电池Ⅱ型,0.0,电伤提升,0.0,0.0,1.0,1.0,0.0,0.0,1.0,1.0,0.0,0.0,1.0,1.0,1.0,1.0,1.0,1.0,1.0,3.0,1000.0,0.0,0.0,0.0
Buff-武器-精4德玛拉电池II型-电伤,1.0,0.0,0.0,0.0,德玛拉电池Ⅱ型,0.0,电伤提升,0.0,0.0,1.0,1.0,0.0,0.0,1.0,1.0,0.0,0.0,1.0,1.0,1.0,1.0,1.0,1.0,1.0,4.0,1000.0,0.0,0.0,0.0
Buff-武器-精5德玛拉电池II型-电伤,1.0,0.0,0.0,0.0,德玛拉电池Ⅱ型,0.0,电伤提升,0.0,0.0,1.0,1.0,0.0,0.0,1.0,1.0,0.0,0.0,1.0,1.0,1.0,1.0,1.0,1.0,1.0,5.0,1000.0,0.0,0.0,0.0
Buff-武器-精1德玛拉电池II型-能量获得效率,1.0,0.0,0.0,0.0,德玛拉电池Ⅱ型,0.0,闪避反击或支援攻击命中时，能量获得效率提升,1.0,480.0,1.0,1.0,0.0,0.0,1.0,0.0,1.0,0.0,1.0,1.0,1.0,1.0,1.0,1.0,1.0,1.0,1000.0,0.0,0.0,0.0
Buff-武器-精2德玛拉电池II型-能量获得效率,1.0,0.0,0.0,0.0,德玛拉电池Ⅱ型,0.0,闪避反击或支援攻击命中时，能量获得效率提升,1.0,480.0,1.0,1.0,0.0,0.0,1.0,0.0,1.0,0.0,1.0,1.0,1.0,1.0,1.0,1.0,1.0,2.0,1000.0,0.0,0.0,0.0
Buff-武器-精3德玛拉电池II型-能量获得效率,1.0,0.0,0.0,0.0,德玛拉电池Ⅱ型,0.0,闪避反击或支援攻击命中时，能量获得效率提升,1.0,480.0,1.0,1.0,0.0,0.0,1.0,0.0,1.0,0.0,1.0,1.0,1.0,1.0,1.0,1.0,1.0,3.0,1000.0,0.0,0.0,0.0
Buff-武器-精4德玛拉电池II型-能量获得效率,1.0,0.0,0.0,0.0,德玛拉电池Ⅱ型,0.0,闪避反击或支援攻击命中时，能量获得效率提升,1.0,480.0,1.0,1.0,0.0,0.0,1.0,0.0,1.0,0.0,1.0,1.0,1.0,1.0,1.0,1.0,1.0,4.0,1000.0,0.0,0.0,0.0
Buff-武器-精5德玛拉电池II型-能量获得效率,1.0,0.0,0.0,0.0,德玛拉电池Ⅱ型,0.0,闪避反击或支援攻击命中时，能量获得效率提升,1.0,480.0,1.0,1.0,0.0,0.0,1.0,0.0,1.0,0.0,1.0,1.0,1.0,1.0,1.0,1.0,1.0,5.0,1000.0,0.0,0.0,0.0
Buff-武器-精1硫磺石,1.0,0.0,0.0,0.0,硫磺石,0.0,普攻、冲刺攻击、闪反命中时攻击力提升,1.0,480.0,8.0,1.0,0.0,0.0,1.0,0.0,1.0,30.0,1.0,1.0,1.0,1.0,1.0,1.0,1.0,1.0,1000.0,0.0,1.0,0.0
Buff-武器-精2硫磺石,1.0,0.0,0.0,0.0,硫磺石,0.0,普攻、冲刺攻击、闪反命中时攻击力提升,1.0,480.0,8.0,1.0,0.0,0.0,1.0,0.0,1.0,30.0,1.0,1.0,1.0,1.0,1.0,1.0,1.0,2.0,1000.0,0.0,1.0,0.0
Buff-武器-精3硫磺石,1.0,0.0,0.0,0.0,硫磺石,0.0,普攻、冲刺攻击、闪反命中时攻击力提升,1.0,480.0,8.0,1.0,0.0,0.0,1.0,0.0,1.0,30.0,1.0,1.0,1.0,1.0,1.0,1.0,1.0,3.0,1000.0,0.0,1.0,0.0
Buff-武器-精4硫磺石,1.0,0.0,0.0,0.0,硫磺石,0.0,普攻、冲刺攻击、闪反命中时攻击力提升,1.0,480.0,8.0,1.0,0.0,0.0,1.0,0.0,1.0,30.0,1.0,1.0,1.0,1.0,1.0,1.0,1.0,4.0,1000.0,0.0,1.0,0.0
Buff-武器-精5硫磺石,1.0,0.0,0.0,0.0,硫磺石,0.0,普攻、冲刺攻击、闪反命中时攻击力提升,1.0,480.0,8.0,1.0,0.0,0.0,1.0,0.0,1.0,30.0,1.0,1.0,1.0,1.0,1.0,1.0,1.0,5.0,1000.0,0.0,1.0,0.0
Buff-角色-苍角-额外能力,0.0,0.0,1.0,0.0,苍角,0.0,消耗涡流发动展旗时，全队造成冰伤提升20%,1.0,1320.0,1.0,1.0,1.0,0.0,1.0,0.0,0.0,0.0,1.0,0.0,1.0,1.0,1.0,1.0,1.0,0.0,1110.0,0.0,0.0,0.0
Buff-角色-青衣-核心被动-失衡易伤,0.0,1.0,0.0,0.0,青衣,0.0,增加失衡易伤,1.0,9999999.0,20.0,1.0,1.0,0.0,1.0,0.0,0.0,0.0,1.0,1.0,0.0,1.0,1.0,1.0,0.0,0.0,1.0,0.0,0.0,0.0
Buff-角色-青衣-额外能力-失衡效率,0.0,0.0,1.0,0.0,青衣,0.0,普攻失衡值增加,0.0,0.0,1.0,1.0,0.0,0.0,1.0,1.0,0.0,0.0,1.0,1.0,1.0,1.0,1.0,1.0,1.0,0.0,1000.0,0.0,0.0,0.0
Buff-角色-青衣-额外能力-冲击转攻击,0.0,0.0,1.0,0.0,青衣,0.0,冲击力转攻击力,1.0,9999999.0,600.0,1.0,0.0,0.0,1.0,0.0,1.0,0.0,1.0,0.0,1.0,1.0,0.0,1.0,1.0,0.0,1000.0,0.0,0.0,0.0
Buff-角色-11号-核心被动,0.0,0.0,0.0,0.0,11号,0.0,火力镇压伤害增加,0.0,0.0,1.0,1.0,1.0,0.0,1.0,0.0,0.0,0.0,1.0,1.0,1.0,1.0,1.0,1.0,1.0,0.0,1000.0,0.0,0.0,0.0
Buff-角色-11号-组队被动-常驻,0.0,0.0,1.0,0.0,11号,0.0,火伤增加,0.0,0.0,1.0,1.0,0.0,0.0,1.0,1.0,0.0,0.0,1.0,1.0,1.0,1.0,1.0,1.0,1.0,0.0,1000.0,0.0,0.0,0.0
Buff-角色-11号-组队被动-失衡,0.0,0.0,1.0,0.0,11号,0.0,失衡期火伤增加,1.0,9999999.0,1.0,1.0,0.0,0.0,1.0,0.0,1.0,0.0,1.0,0.0,1.0,1.0,1.0,1.0,1.0,0.0,1000.0,0.0,0.0,0.0
Buff-角色-雅-终结技-冰伤,0.0,0.0,0.0,0.0,雅,0.0,大招后30%冰伤加成,1.0,720.0,1.0,1.0,1.0,0.0,1.0,0.0,0.0,0.0,1.0,1.0,1.0,1.0,1.0,1.0,1.0,0.0,1000.0,0.0,0.0,0.0
Buff-角色-雅-核心被动-冰焰,0.0,1.0,0.0,0.0,雅,0.0,暴击率转烈霜积蓄效率,1.0,1800.0,80.0,1.0,0.0,0.0,1.0,0.0,1.0,0.0,1.0,0.0,1.0,1.0,0.0,1.0,0.0,0.0,1.0,0.0,0.0,0.0
Buff-角色-雅-核心被动-霜灼,0.0,1.0,0.0,0.0,雅,0.0,全队全属性异常积蓄效率提升,1.0,9999999.0,1.0,1.0,0.0,0.0,1.0,0.0,0.0,0.0,1.0,1.0,1.0,1.0,1.0,1.0,0.0,0.0,1.0,0.0,0.0,0.0
Buff-角色-雅-组队被动-普攻增伤,0.0,0.0,1.0,0.0,雅,0.0,蓄力普攻伤害增加,0.0,0.0,1.0,1.0,0.0,0.0,1.0,0.0,1.0,0.0,1.0,1.0,1.0,1.0,1.0,1.0,1.0,0.0,1000.0,0.0,0.0,0.0
Buff-角色-雅-组队被动-无视冰抗,0.0,0.0,1.0,0.0,雅,0.0,紊乱后的蓄力普攻无视冰抗,0.0,0.0,1.0,1.0,0.0,0.0,1.0,0.0,0.0,0.0,1.0,0.0,1.0,1.0,1.0,1.0,1.0,0.0,1000.0,0.0,0.0,0.0
Buff-角色-露西-特殊技-攻击力,0.0,0.0,0.0,0.0,露西,0.0,,1.0,600.0,600.0,1.0,1.0,0.0,1.0,0.0,0.0,0.0,1.0,1.0,0.0,1.0,1.0,1.0,1.0,0.0,1110.0,0.0,0.0,0.0
Buff-角色-露西-长按特殊技-攻击力,0.0,0.0,0.0,0.0,露西,0.0,,1.0,900.0,600.0,1.0,1.0,0.0,1.0,0.0,0.0,0.0,1.0,1.0,0.0,1.0,1.0,1.0,1.0,0.0,1110.0,0.0,0.0,0.0
Buff-角色-露西-连携技-攻击力,0.0,0.0,0.0,1.0,露西,0.0,2画解锁攻击力Buff,1.0,600.0,600.0,1.0,1.0,0.0,1.0,0.0,0.0,0.0,1.0,1.0,0.0,1.0,1.0,1.0,1.0,2.0,1110.0,0.0,0.0,0.0
Buff-角色-露西-终结技-攻击力,0.0,0.0,0.0,1.0,露西,0.0,2画解锁攻击力Buff,1.0,600.0,600.0,1.0,1.0,0.0,1.0,0.0,0.0,0.0,1.0,1.0,0.0,1.0,1.0,1.0,1.0,2.0,1110.0,0.0,0.0,0.0
Buff-角色-派派-组队被动-积蓄效率,,,,,,,,,,,,,,,,,,,,,,,,,,,,,
Buff-角色-派派-组队被动-全队增伤,,,,,,,,,,,,,,,,,,,,,,,,,,,,,
Buff-角色-柏妮思-组队被动-延长灼烧,0.0,1.0,1.0,0.0,柏妮思,0.0,延长灼烧（触发器），无实际效果，不会进循环,1.0,0.0,1.0,1.0,0.0,0.0,1.0,1.0,0.0,0.0,1.0,1.0,1.0,1.0,1.0,1.0,1.0,0.0,1.0,0.0,0.0,0.0
Buff-角色-丽娜-核心被动-穿透率,0.0,0.0,0.0,0.0,丽娜,0.0,全队穿透率提升,1.0,300.0,30.0,1.0,1.0,0.0,1.0,0.0,0.0,0.0,1.0,0.0,0.0,1.0,1.0,1.0,0.0,0.0,1110.0,0.0,0.0,0.0
Buff-角色-丽娜-组队被动-增伤,0.0,0.0,1.0,0.0,丽娜,0.0,全队电伤提升,1.0,9999999.0,1.0,1.0,0.0,0.0,1.0,0.0,1.0,0.0,1.0,0.0,1.0,1.0,1.0,1.0,0.0,0.0,1110.0,0.0,0.0,0.0
Buff-角色-丽娜-组队被动-延长感电,0.0,1.0,1.0,0.0,丽娜,0.0,延长感电（触发器），无实际效果，不会进循环,1.0,0.0,1.0,1.0,0.0,0.0,1.0,1.0,0.0,0.0,1.0,1.0,1.0,1.0,1.0,1.0,1.0,0.0,1.0,0.0,0.0,0.0
Buff-音擎-精1霰落星殿-暴伤,1.0,0.0,0.0,0.0,霰落星殿,0.0,暴伤提升,0.0,0.0,1.0,1.0,0.0,0.0,1.0,1.0,0.0,0.0,1.0,1.0,1.0,1.0,1.0,1.0,1.0,1.0,1000.0,0.0,0.0,0.0
Buff-音擎-精2霰落星殿-暴伤,1.0,0.0,0.0,0.0,霰落星殿,0.0,暴伤提升,0.0,0.0,1.0,1.0,0.0,0.0,1.0,1.0,0.0,0.0,1.0,1.0,1.0,1.0,1.0,1.0,1.0,2.0,1000.0,0.0,0.0,0.0
Buff-音擎-精3霰落星殿-暴伤,1.0,0.0,0.0,0.0,霰落星殿,0.0,暴伤提升,0.0,0.0,1.0,1.0,0.0,0.0,1.0,1.0,0.0,0.0,1.0,1.0,1.0,1.0,1.0,1.0,1.0,3.0,1000.0,0.0,0.0,0.0
Buff-音擎-精4霰落星殿-暴伤,1.0,0.0,0.0,0.0,霰落星殿,0.0,暴伤提升,0.0,0.0,1.0,1.0,0.0,0.0,1.0,1.0,0.0,0.0,1.0,1.0,1.0,1.0,1.0,1.0,1.0,4.0,1000.0,0.0,0.0,0.0
Buff-音擎-精5霰落星殿-暴伤,1.0,0.0,0.0,0.0,霰落星殿,0.0,暴伤提升,0.0,0.0,1.0,1.0,0.0,0.0,1.0,1.0,0.0,0.0,1.0,1.0,1.0,1.0,1.0,1.0,1.0,5.0,1000.0,0.0,0.0,0.0
Buff-音擎-精1霰落星殿-叠层冰伤,1.0,0.0,0.0,0.0,霰落星殿,0.0,强化E或是异常触发叠层,1.0,900.0,2.0,1.0,1.0,0.0,1.0,0.0,0.0,0.0,1.0,0.0,1.0,1.0,1.0,1.0,1.0,1.0,1000.0,0.0,1.0,0.0
Buff-音擎-精2霰落星殿-叠层冰伤,1.0,0.0,0.0,0.0,霰落星殿,0.0,强化E或是异常触发叠层,1.0,900.0,2.0,1.0,1.0,0.0,1.0,0.0,0.0,0.0,1.0,0.0,1.0,1.0,1.0,1.0,1.0,2.0,1000.0,0.0,1.0,0.0
Buff-音擎-精3霰落星殿-叠层冰伤,1.0,0.0,0.0,0.0,霰落星殿,0.0,强化E或是异常触发叠层,1.0,900.0,2.0,1.0,1.0,0.0,1.0,0.0,0.0,0.0,1.0,0.0,1.0,1.0,1.0,1.0,1.0,3.0,1000.0,0.0,1.0,0.0
Buff-音擎-精4霰落星殿-叠层冰伤,1.0,0.0,0.0,0.0,霰落星殿,0.0,强化E或是异常触发叠层,1.0,900.0,2.0,1.0,1.0,0.0,1.0,0.0,0.0,0.0,1.0,0.0,1.0,1.0,1.0,1.0,1.0,4.0,1000.0,0.0,1.0,0.0
Buff-音擎-精5霰落星殿-叠层冰伤,1.0,0.0,0.0,0.0,霰落星殿,0.0,强化E或是异常触发叠层,1.0,900.0,2.0,1.0,1.0,0.0,1.0,0.0,0.0,0.0,1.0,0.0,1.0,1.0,1.0,1.0,1.0,5.0,1000.0,0.0,1.0,0.0
Buff-驱动盘-折枝剑歌-暴伤,0.0,0.0,0.0,0.0,折枝剑歌,0.0,异常掌控>115时加暴伤,0.0,0.0,1.0,1.0,0.0,0.0,1.0,0.0,0.0,0.0,1.0,0.0,1.0,1.0,1.0,1.0,1.0,0.0,1000.0,0.0,0.0,0.0
Buff-驱动盘-折枝剑歌-暴击率,0.0,0.0,0.0,0.0,折枝剑歌,0.0,冻结或碎冰提高暴击率,1.0,900.0,1.0,1.0,0.0,0.0,1.0,0.0,0.0,0.0,1.0,0.0,1.0,1.0,1.0,1.0,1.0,0.0,1000.0,1.0,0.0,0.0
Buff-异常-烈霜霜寒,0.0,1.0,0.0,0.0,enemy,0.0,受到暴击伤害+10%,1.0,1200.0,1.0,1.0,0.0,0.0,1.0,0.0,0.0,0.0,1.0,1.0,1.0,1.0,1.0,1.0,0.0,0.0,1.0,0.0,0.0,0.0
Buff-角色-青衣-核心被动-额外电压补偿,0.0,0.0,0.0,0.0,青衣,0.0,溢出电压补偿失衡值,0.0,0.0,25.0,1.0,1.0,0.0,1.0,0.0,0.0,0.0,1.0,0.0,0.0,1.0,1.0,1.0,1.0,0.0,1000.0,0.0,0.0,0.0
Buff-驱动盘-自由蓝调-物理,0.0,1.0,0.0,0.0,自由蓝调,0.0,物理积蓄抗性降低,1.0,480.0,1.0,1.0,0.0,0.0,1.0,0.0,1.0,0.0,1.0,0.0,1.0,1.0,1.0,1.0,1.0,0.0,1.0,0.0,0.0,0.0
Buff-驱动盘-自由蓝调-火,0.0,1.0,0.0,0.0,自由蓝调,0.0,火积蓄抗性降低,1.0,480.0,1.0,1.0,0.0,0.0,1.0,0.0,1.0,0.0,1.0,0.0,1.0,1.0,1.0,1.0,1.0,1.0,1.0,0.0,0.0,0.0
Buff-驱动盘-自由蓝调-冰,0.0,1.0,0.0,0.0,自由蓝调,0.0,冰积蓄抗性降低,1.0,480.0,1.0,1.0,0.0,0.0,1.0,0.0,1.0,0.0,1.0,0.0,1.0,1.0,1.0,1.0,1.0,2.0,1.0,0.0,0.0,0.0
Buff-驱动盘-自由蓝调-电,0.0,1.0,0.0,0.0,自由蓝调,0.0,电积蓄抗性降低,1.0,480.0,1.0,1.0,0.0,0.0,1.0,0.0,1.0,0.0,1.0,0.0,1.0,1.0,1.0,1.0,1.0,3.0,1.0,0.0,0.0,0.0
Buff-驱动盘-自由蓝调-以太,0.0,1.0,0.0,0.0,自由蓝调,0.0,以太积蓄抗性降低,1.0,480.0,1.0,1.0,0.0,0.0,1.0,0.0,1.0,0.0,1.0,0.0,1.0,1.0,1.0,1.0,1.0,4.0,1.0,0.0,0.0,0.0
Buff-驱动盘-自由蓝调-烈霜,0.0,1.0,0.0,0.0,自由蓝调,0.0,烈霜积蓄抗性降低,1.0,480.0,1.0,1.0,0.0,0.0,1.0,0.0,1.0,0.0,1.0,0.0,1.0,1.0,1.0,1.0,1.0,5.0,1.0,0.0,0.0,0.0
Buff-驱动盘-河豚电音-终结技伤害提升,0.0,0.0,0.0,0.0,河豚电音,0.0,终结技增伤,0.0,0.0,1.0,1.0,0.0,0.0,1.0,1.0,0.0,0.0,1.0,1.0,1.0,1.0,1.0,1.0,1.0,0.0,1000.0,0.0,0.0,0.0
Buff-驱动盘-河豚电音-攻击力提升,0.0,0.0,0.0,0.0,河豚电音,0.0,发动大招攻击力提升,1.0,720.0,1.0,1.0,1.0,0.0,1.0,0.0,0.0,0.0,1.0,1.0,1.0,1.0,1.0,1.0,1.0,0.0,1000.0,0.0,0.0,0.0
Buff-驱动盘-静听嘉音-嘉音,0.0,0.0,0.0,0.0,静听嘉音,0.0,支援攻击叠层,1.0,900.0,3.0,1.0,1.0,0.0,1.0,0.0,0.0,0.0,1.0,1.0,1.0,1.0,1.0,1.0,1.0,0.0,1110.0,0.0,0.0,1.0
Buff-驱动盘-静听嘉音-增伤,0.0,0.0,0.0,0.0,静听嘉音,0.0,支援攻击入场后增伤,1.0,900.0,3.0,1.0,1.0,0.0,1.0,0.0,0.0,0.0,1.0,0.0,1.0,1.0,1.0,0.0,1.0,0.0,1110.0,1.0,0.0,1.0
Buff-驱动盘-摇摆爵士-全队增伤,0.0,0.0,0.0,0.0,摇摆爵士,0.0,连携技或大招全队增伤,1.0,720.0,1.0,1.0,1.0,0.0,1.0,0.0,0.0,0.0,1.0,1.0,1.0,1.0,1.0,1.0,1.0,0.0,1110.0,0.0,0.0,0.0
Buff-驱动盘-激素朋克-全局攻击力,0.0,0.0,0.0,0.0,激素朋克,0.0,全局攻击力加成,1.0,600.0,1.0,1.0,1.0,0.0,1.0,0.0,0.0,1200.0,1.0,0.0,1.0,1.0,1.0,1.0,1.0,0.0,1000.0,0.0,0.0,0.0
Buff-驱动盘-混沌爵士-火电伤,0.0,0.0,0.0,0.0,混沌爵士,0.0,火电伤加成,0.0,0.0,1.0,1.0,0.0,0.0,1.0,1.0,0.0,0.0,1.0,1.0,1.0,1.0,1.0,1.0,1.0,0.0,1000.0,0.0,0.0,0.0
Buff-驱动盘-混沌爵士-前台增伤,0.0,0.0,0.0,0.0,混沌爵士,0.0,换入前台增伤保持,1.0,300.0,1.0,1.0,1.0,0.0,1.0,0.0,0.0,450.0,1.0,0.0,1.0,1.0,1.0,1.0,1.0,0.0,1000.0,0.0,0.0,0.0
Buff-驱动盘-原始朋克-全队增伤,0.0,0.0,0.0,0.0,原始朋克,0.0,,,,,,,,,,,,,,,,,,,,,,,
Buff-驱动盘-獠牙重金属-增伤,0.0,0.0,0.0,0.0,獠牙重金属,0.0,,,,,,,,,,,,,,,,,,,,,,,
Buff-武器-精1啜泣摇篮-后台回能,1.0,0.0,0.0,0.0,啜泣摇篮,0.0,后台回能,1.0,9999999.0,1.0,1.0,1.0,0.0,1.0,0.0,0.0,0.0,1.0,0.0,1.0,1.0,1.0,1.0,0.0,1.0,1000.0,0.0,0.0,1.0
Buff-武器-精1啜泣摇篮-全队增伤,1.0,0.0,0.0,0.0,啜泣摇篮,0.0,攻击命中后全队增伤,1.0,180.0,1.0,1.0,0.0,0.0,1.0,0.0,1.0,0.0,1.0,1.0,1.0,1.0,1.0,1.0,1.0,1.0,1110.0,0.0,0.0,0.0
Buff-武器-精1啜泣摇篮-全队增伤自增长,1.0,0.0,0.0,0.0,啜泣摇篮,0.0,全队增伤自增长,1.0,180.0,6.0,1.0,1.0,0.0,1.0,0.0,0.0,30.0,1.0,0.0,1.0,1.0,1.0,0.0,1.0,1.0,1110.0,1.0,0.0,1.0
Buff-武器-精2啜泣摇篮-后台回能,1.0,0.0,0.0,0.0,啜泣摇篮,0.0,后台回能,1.0,9999999.0,1.0,1.0,1.0,0.0,1.0,0.0,0.0,0.0,1.0,0.0,1.0,1.0,1.0,1.0,0.0,2.0,1000.0,0.0,0.0,1.0
Buff-武器-精2啜泣摇篮-全队增伤,1.0,0.0,0.0,0.0,啜泣摇篮,0.0,攻击命中后全队增伤,1.0,180.0,1.0,1.0,0.0,0.0,1.0,0.0,1.0,0.0,1.0,1.0,1.0,1.0,1.0,1.0,1.0,2.0,1110.0,0.0,0.0,0.0
Buff-武器-精2啜泣摇篮-全队增伤自增长,1.0,0.0,0.0,0.0,啜泣摇篮,0.0,全队增伤自增长,1.0,180.0,6.0,1.0,1.0,0.0,1.0,0.0,0.0,30.0,1.0,0.0,1.0,1.0,1.0,0.0,1.0,2.0,1110.0,1.0,0.0,1.0
Buff-武器-精3啜泣摇篮-后台回能,1.0,0.0,0.0,0.0,啜泣摇篮,0.0,后台回能,1.0,9999999.0,1.0,1.0,1.0,0.0,1.0,0.0,0.0,0.0,1.0,0.0,1.0,1.0,1.0,1.0,0.0,3.0,1000.0,0.0,0.0,1.0
Buff-武器-精3啜泣摇篮-全队增伤,1.0,0.0,0.0,0.0,啜泣摇篮,0.0,攻击命中后全队增伤,1.0,180.0,1.0,1.0,0.0,0.0,1.0,0.0,1.0,0.0,1.0,1.0,1.0,1.0,1.0,1.0,1.0,3.0,1110.0,0.0,0.0,0.0
Buff-武器-精3啜泣摇篮-全队增伤自增长,1.0,0.0,0.0,0.0,啜泣摇篮,0.0,全队增伤自增长,1.0,180.0,6.0,1.0,1.0,0.0,1.0,0.0,0.0,30.0,1.0,0.0,1.0,1.0,1.0,0.0,1.0,3.0,1110.0,1.0,0.0,1.0
Buff-武器-精4啜泣摇篮-后台回能,1.0,0.0,0.0,0.0,啜泣摇篮,0.0,后台回能,1.0,9999999.0,1.0,1.0,1.0,0.0,1.0,0.0,0.0,0.0,1.0,0.0,1.0,1.0,1.0,1.0,0.0,4.0,1000.0,0.0,0.0,1.0
Buff-武器-精4啜泣摇篮-全队增伤,1.0,0.0,0.0,0.0,啜泣摇篮,0.0,攻击命中后全队增伤,1.0,180.0,1.0,1.0,0.0,0.0,1.0,0.0,1.0,0.0,1.0,1.0,1.0,1.0,1.0,1.0,1.0,4.0,1110.0,0.0,0.0,0.0
Buff-武器-精4啜泣摇篮-全队增伤自增长,1.0,0.0,0.0,0.0,啜泣摇篮,0.0,全队增伤自增长,1.0,180.0,6.0,1.0,1.0,0.0,1.0,0.0,0.0,30.0,1.0,0.0,1.0,1.0,1.0,0.0,1.0,4.0,1110.0,1.0,0.0,1.0
Buff-武器-精5啜泣摇篮-后台回能,1.0,0.0,0.0,0.0,啜泣摇篮,0.0,后台回能,1.0,9999999.0,1.0,1.0,1.0,0.0,1.0,0.0,0.0,0.0,1.0,0.0,1.0,1.0,1.0,1.0,0.0,5.0,1000.0,0.0,0.0,1.0
Buff-武器-精5啜泣摇篮-全队增伤,1.0,0.0,0.0,0.0,啜泣摇篮,0.0,攻击命中后全队增伤,1.0,180.0,1.0,1.0,0.0,0.0,1.0,0.0,1.0,0.0,1.0,1.0,1.0,1.0,1.0,1.0,1.0,5.0,1110.0,0.0,0.0,0.0
Buff-武器-精5啜泣摇篮-全队增伤自增长,1.0,0.0,0.0,0.0,啜泣摇篮,0.0,全队增伤自增长,1.0,180.0,6.0,1.0,1.0,0.0,1.0,0.0,0.0,30.0,1.0,0.0,1.0,1.0,1.0,0.0,1.0,5.0,1110.0,1.0,0.0,1.0
Buff-武器-精1时光切片-回能回喧响,1.0,0.0,0.0,0.0,时光切片,0.0,回能回喧响,1.0,5.0,1.0,1.0,1.0,0.0,1.0,0.0,0.0,720.0,1.0,0.0,0.0,1.0,1.0,1.0,1.0,1.0,1000.0,0.0,0.0,1.0
Buff-武器-精2时光切片-回能回喧响,1.0,0.0,0.0,0.0,时光切片,0.0,回能回喧响,1.0,5.0,1.0,1.0,1.0,0.0,1.0,0.0,0.0,720.0,1.0,0.0,0.0,1.0,1.0,1.0,1.0,2.0,1000.0,0.0,0.0,1.0
Buff-武器-精3时光切片-回能回喧响,1.0,0.0,0.0,0.0,时光切片,0.0,回能回喧响,1.0,5.0,1.0,1.0,1.0,0.0,1.0,0.0,0.0,720.0,1.0,0.0,0.0,1.0,1.0,1.0,1.0,3.0,1000.0,0.0,0.0,1.0
Buff-武器-精4时光切片-回能回喧响,1.0,0.0,0.0,0.0,时光切片,0.0,回能回喧响,1.0,5.0,1.0,1.0,1.0,0.0,1.0,0.0,0.0,720.0,1.0,0.0,0.0,1.0,1.0,1.0,1.0,4.0,1000.0,0.0,0.0,1.0
Buff-武器-精5时光切片-回能回喧响,1.0,0.0,0.0,0.0,时光切片,0.0,回能回喧响,1.0,5.0,1.0,1.0,1.0,0.0,1.0,0.0,0.0,720.0,1.0,0.0,0.0,1.0,1.0,1.0,1.0,5.0,1000.0,0.0,0.0,1.0
Buff-武器-精1聚宝箱-回能,1.0,0.0,0.0,0.0,聚宝箱,0.0,强化E、连携大招造成以太伤害后增加回能,1.0,120.0,1.0,1.0,0.0,0.0,1.0,0.0,1.0,0.0,1.0,0.0,1.0,1.0,1.0,1.0,1.0,1.0,1000.0,0.0,0.0,1.0
Buff-武器-精1聚宝箱-全队增伤,1.0,0.0,0.0,0.0,聚宝箱,0.0,强化E、连携大招造成以太伤害后全队增伤,1.0,120.0,1.0,1.0,0.0,0.0,1.0,0.0,1.0,0.0,1.0,0.0,1.0,1.0,1.0,1.0,1.0,1.0,1110.0,0.0,0.0,1.0
Buff-武器-精2聚宝箱-回能,1.0,0.0,0.0,0.0,聚宝箱,0.0,强化E、连携大招造成以太伤害后增加回能,1.0,120.0,1.0,1.0,0.0,0.0,1.0,0.0,1.0,0.0,1.0,0.0,1.0,1.0,1.0,1.0,1.0,2.0,1000.0,0.0,0.0,1.0
Buff-武器-精2聚宝箱-全队增伤,1.0,0.0,0.0,0.0,聚宝箱,0.0,强化E、连携大招造成以太伤害后全队增伤,1.0,120.0,1.0,1.0,0.0,0.0,1.0,0.0,1.0,0.0,1.0,0.0,1.0,1.0,1.0,1.0,1.0,2.0,1110.0,0.0,0.0,1.0
Buff-武器-精3聚宝箱-回能,1.0,0.0,0.0,0.0,聚宝箱,0.0,强化E、连携大招造成以太伤害后增加回能,1.0,120.0,1.0,1.0,0.0,0.0,1.0,0.0,1.0,0.0,1.0,0.0,1.0,1.0,1.0,1.0,1.0,3.0,1000.0,0.0,0.0,1.0
Buff-武器-精3聚宝箱-全队增伤,1.0,0.0,0.0,0.0,聚宝箱,0.0,强化E、连携大招造成以太伤害后全队增伤,1.0,120.0,1.0,1.0,0.0,0.0,1.0,0.0,1.0,0.0,1.0,0.0,1.0,1.0,1.0,1.0,1.0,3.0,1110.0,0.0,0.0,1.0
Buff-武器-精4聚宝箱-回能,1.0,0.0,0.0,0.0,聚宝箱,0.0,强化E、连携大招造成以太伤害后增加回能,1.0,120.0,1.0,1.0,0.0,0.0,1.0,0.0,1.0,0.0,1.0,0.0,1.0,1.0,1.0,1.0,1.0,4.0,1000.0,0.0,0.0,1.0
Buff-武器-精4聚宝箱-全队增伤,1.0,0.0,0.0,0.0,聚宝箱,0.0,强化E、连携大招造成以太伤害后全队增伤,1.0,120.0,1.0,1.0,0.0,0.0,1.0,0.0,1.0,0.0,1.0,0.0,1.0,1.0,1.0,1.0,1.0,4.0,1110.0,0.0,0.0,1.0
Buff-武器-精5聚宝箱-回能,1.0,0.0,0.0,0.0,聚宝箱,0.0,强化E、连携大招造成以太伤害后增加回能,1.0,120.0,1.0,1.0,0.0,0.0,1.0,0.0,1.0,0.0,1.0,0.0,1.0,1.0,1.0,1.0,1.0,5.0,1000.0,0.0,0.0,1.0
Buff-武器-精5聚宝箱-全队增伤,1.0,0.0,0.0,0.0,聚宝箱,0.0,强化E、连携大招造成以太伤害后全队增伤,1.0,120.0,1.0,1.0,0.0,0.0,1.0,0.0,1.0,0.0,1.0,0.0,1.0,1.0,1.0,1.0,1.0,5.0,1110.0,0.0,0.0,1.0
Buff-武器-精1好斗的阿炮-全局攻击力,1.0,0.0,0.0,0.0,好斗的阿炮,0.0,任意命中全队攻击力提升,1.0,480.0,4.0,1.0,0.0,0.0,1.0,0.0,1.0,0.0,1.0,1.0,1.0,1.0,0.0,1.0,1.0,1.0,1110.0,0.0,1.0,1.0
Buff-武器-精2好斗的阿炮-全局攻击力,1.0,0.0,0.0,0.0,好斗的阿炮,0.0,任意命中全队攻击力提升,1.0,480.0,4.0,1.0,0.0,0.0,1.0,0.0,1.0,0.0,1.0,1.0,1.0,1.0,0.0,1.0,1.0,2.0,1110.0,0.0,1.0,1.0
Buff-武器-精3好斗的阿炮-全局攻击力,1.0,0.0,0.0,0.0,好斗的阿炮,0.0,任意命中全队攻击力提升,1.0,480.0,4.0,1.0,0.0,0.0,1.0,0.0,1.0,0.0,1.0,1.0,1.0,1.0,0.0,1.0,1.0,3.0,1110.0,0.0,1.0,1.0
Buff-武器-精4好斗的阿炮-全局攻击力,1.0,0.0,0.0,0.0,好斗的阿炮,0.0,任意命中全队攻击力提升,1.0,480.0,4.0,1.0,0.0,0.0,1.0,0.0,1.0,0.0,1.0,1.0,1.0,1.0,0.0,1.0,1.0,4.0,1110.0,0.0,1.0,1.0
Buff-武器-精5好斗的阿炮-全局攻击力,1.0,0.0,0.0,0.0,好斗的阿炮,0.0,任意命中全队攻击力提升,1.0,480.0,4.0,1.0,0.0,0.0,1.0,0.0,1.0,0.0,1.0,1.0,1.0,1.0,0.0,1.0,1.0,5.0,1110.0,0.0,1.0,1.0
Buff-武器-精1逍遥游球-全队暴击率,1.0,1.0,0.0,0.0,逍遥游球,0.0,触发属性克制时，全队对目标暴击率提升,1.0,720.0,1.0,1.0,0.0,0.0,1.0,0.0,1.0,0.0,1.0,0.0,1.0,1.0,1.0,1.0,1.0,1.0,1.0,0.0,0.0,0.0
Buff-武器-精2逍遥游球-全队暴击率,1.0,1.0,0.0,0.0,逍遥游球,0.0,触发属性克制时，全队对目标暴击率提升,1.0,720.0,1.0,1.0,0.0,0.0,1.0,0.0,1.0,0.0,1.0,0.0,1.0,1.0,1.0,1.0,1.0,2.0,1.0,0.0,0.0,0.0
Buff-武器-精3逍遥游球-全队暴击率,1.0,1.0,0.0,0.0,逍遥游球,0.0,触发属性克制时，全队对目标暴击率提升,1.0,720.0,1.0,1.0,0.0,0.0,1.0,0.0,1.0,0.0,1.0,0.0,1.0,1.0,1.0,1.0,1.0,3.0,1.0,0.0,0.0,0.0
Buff-武器-精4逍遥游球-全队暴击率,1.0,1.0,0.0,0.0,逍遥游球,0.0,触发属性克制时，全队对目标暴击率提升,1.0,720.0,1.0,1.0,0.0,0.0,1.0,0.0,1.0,0.0,1.0,0.0,1.0,1.0,1.0,1.0,1.0,4.0,1.0,0.0,0.0,0.0
Buff-武器-精5逍遥游球-全队暴击率,1.0,1.0,0.0,0.0,逍遥游球,0.0,触发属性克制时，全队对目标暴击率提升,1.0,720.0,1.0,1.0,0.0,0.0,1.0,0.0,1.0,0.0,1.0,0.0,1.0,1.0,1.0,1.0,1.0,5.0,1.0,0.0,0.0,0.0
Buff-武器-精1残响Ⅰ型-全队冲击力,1.0,0.0,0.0,0.0,残响I型,0.0,发动强化E时全队冲击力提升,1.0,600.0,1.0,1.0,1.0,0.0,1.0,0.0,0.0,1200.0,1.0,1.0,1.0,1.0,1.0,1.0,1.0,1.0,1110.0,0.0,0.0,0.0
Buff-武器-精2残响Ⅰ型-全队冲击力,1.0,0.0,0.0,0.0,残响I型,0.0,发动强化E时全队冲击力提升,1.0,600.0,1.0,1.0,1.0,0.0,1.0,0.0,0.0,1200.0,1.0,1.0,1.0,1.0,1.0,1.0,1.0,2.0,1110.0,0.0,0.0,0.0
Buff-武器-精3残响Ⅰ型-全队冲击力,1.0,0.0,0.0,0.0,残响I型,0.0,发动强化E时全队冲击力提升,1.0,600.0,1.0,1.0,1.0,0.0,1.0,0.0,0.0,1200.0,1.0,1.0,1.0,1.0,1.0,1.0,1.0,3.0,1110.0,0.0,0.0,0.0
Buff-武器-精4残响Ⅰ型-全队冲击力,1.0,0.0,0.0,0.0,残响I型,0.0,发动强化E时全队冲击力提升,1.0,600.0,1.0,1.0,1.0,0.0,1.0,0.0,0.0,1200.0,1.0,1.0,1.0,1.0,1.0,1.0,1.0,4.0,1110.0,0.0,0.0,0.0
Buff-武器-精5残响Ⅰ型-全队冲击力,1.0,0.0,0.0,0.0,残响I型,0.0,发动强化E时全队冲击力提升,1.0,600.0,1.0,1.0,1.0,0.0,1.0,0.0,0.0,1200.0,1.0,1.0,1.0,1.0,1.0,1.0,1.0,5.0,1110.0,0.0,0.0,0.0
Buff-武器-精1残响II型-全队掌控精通,1.0,0.0,0.0,0.0,残响II型,0.0,发动强化E或连携时，全队掌控和精通提升,1.0,600.0,1.0,1.0,1.0,0.0,1.0,0.0,0.0,1200.0,1.0,1.0,1.0,1.0,1.0,1.0,1.0,1.0,1110.0,0.0,0.0,0.0
Buff-武器-精2残响II型-全队掌控精通,1.0,0.0,0.0,0.0,残响II型,0.0,发动强化E或连携时，全队掌控和精通提升,1.0,600.0,1.0,1.0,1.0,0.0,1.0,0.0,0.0,1200.0,1.0,1.0,1.0,1.0,1.0,1.0,1.0,2.0,1110.0,0.0,0.0,0.0
Buff-武器-精3残响II型-全队掌控精通,1.0,0.0,0.0,0.0,残响II型,0.0,发动强化E或连携时，全队掌控和精通提升,1.0,600.0,1.0,1.0,1.0,0.0,1.0,0.0,0.0,1200.0,1.0,1.0,1.0,1.0,1.0,1.0,1.0,3.0,1110.0,0.0,0.0,0.0
Buff-武器-精4残响II型-全队掌控精通,1.0,0.0,0.0,0.0,残响II型,0.0,发动强化E或连携时，全队掌控和精通提升,1.0,600.0,1.0,1.0,1.0,0.0,1.0,0.0,0.0,1200.0,1.0,1.0,1.0,1.0,1.0,1.0,1.0,4.0,1110.0,0.0,0.0,0.0
Buff-武器-精5残响II型-全队掌控精通,1.0,0.0,0.0,0.0,残响II型,0.0,发动强化E或连携时，全队掌控和精通提升,1.0,600.0,1.0,1.0,1.0,0.0,1.0,0.0,0.0,1200.0,1.0,1.0,1.0,1.0,1.0,1.0,1.0,5.0,1110.0,0.0,0.0,0.0
Buff-武器-精1残响III型-全队攻击力,1.0,0.0,0.0,0.0,残响III型,0.0,发动连携或大招时，全队攻击力提升,1.0,600.0,1.0,1.0,1.0,0.0,1.0,0.0,0.0,1200.0,1.0,1.0,1.0,1.0,1.0,1.0,1.0,1.0,1110.0,0.0,0.0,0.0
Buff-武器-精2残响III型-全队攻击力,1.0,0.0,0.0,0.0,残响III型,0.0,发动连携或大招时，全队攻击力提升,1.0,600.0,1.0,1.0,1.0,0.0,1.0,0.0,0.0,1200.0,1.0,1.0,1.0,1.0,1.0,1.0,1.0,2.0,1110.0,0.0,0.0,0.0
Buff-武器-精3残响III型-全队攻击力,1.0,0.0,0.0,0.0,残响III型,0.0,发动连携或大招时，全队攻击力提升,1.0,600.0,1.0,1.0,1.0,0.0,1.0,0.0,0.0,1200.0,1.0,1.0,1.0,1.0,1.0,1.0,1.0,3.0,1110.0,0.0,0.0,0.0
Buff-武器-精4残响III型-全队攻击力,1.0,0.0,0.0,0.0,残响III型,0.0,发动连携或大招时，全队攻击力提升,1.0,600.0,1.0,1.0,1.0,0.0,1.0,0.0,0.0,1200.0,1.0,1.0,1.0,1.0,1.0,1.0,1.0,4.0,1110.0,0.0,0.0,0.0
Buff-武器-精5残响III型-全队攻击力,1.0,0.0,0.0,0.0,残响III型,0.0,发动连携或大招时，全队攻击力提升,1.0,600.0,1.0,1.0,1.0,0.0,1.0,0.0,0.0,1200.0,1.0,1.0,1.0,1.0,1.0,1.0,1.0,5.0,1110.0,0.0,0.0,0.0
Buff-角色-妮可-核心被动-减防,0.0,1.0,0.0,0.0,妮可,0.0,强化普攻或能量场命中敌人时减防,1.0,210.0,1.0,1.0,0.0,0.0,1.0,0.0,1.0,0.0,1.0,0.0,1.0,1.0,1.0,1.0,1.0,0.0,1.0,0.0,0.0,1.0
Buff-角色-妮可-组队被动以太-增伤,0.0,0.0,1.0,0.0,妮可,0.0,强化普攻或能量场命中敌人时以太增伤,1.0,210.0,1.0,1.0,0.0,0.0,1.0,0.0,1.0,0.0,1.0,0.0,1.0,1.0,1.0,1.0,1.0,0.0,1110.0,0.0,0.0,1.0
Buff-角色-凯撒-大招-命中护盾增加失衡值,0.0,0.0,0.0,0.0,凯撒,0.0,大招命中护盾增加失衡值,0.0,0.0,1.0,1.0,1.0,0.0,1.0,0.0,0.0,0.0,1.0,0.0,1.0,1.0,1.0,1.0,1.0,0.0,1000.0,0.0,0.0,0.0
Buff-角色-凯撒-核心被动-攻击力,,,,,,0.0,,,,,,,,,,,,,,,,,,,,,,,
Buff-角色-凯撒-组队被动-增伤,0.0,1.0,1.0,0.0,凯撒,0.0,,1.0,1800.0,1.0,1.0,1.0,0.0,1.0,0.0,0.0,0.0,1.0,1.0,1.0,1.0,1.0,1.0,1.0,0.0,1.0,0.0,0.0,0.0
Buff-角色-耀佳音-唱歌,,,,,,0.0,,,,,,,,,,,,,,,,,,,,,,,
Buff-角色-耀佳音-核心被动-攻击力,,,,,,0.0,,,,,,,,,,,,,,,,,,,,,,,
Buff-角色-耀佳音-组队被动-触发器,,,,,,0.0,,,,,,,,,,,,,,,,,,,,,,,
Buff-角色-柏妮思-核心被动-燃油特调触发器,0.0,0.0,0.0,0.0,柏妮思,0.0,燃点超过50点时进入燃油特调状态，用于余烬Dot的触发,1.0,999999.0,1.0,1.0,1.0,0.0,1.0,0.0,0.0,0.0,1.0,0.0,0.0,1.0,1.0,1.0,0.0,0.0,1000.0,0.0,0.0,0.0
Buff-角色-柏妮思-核心被动-余烬增伤,0.0,0.0,1.0,0.0,柏妮思,0.0,精通转余烬增伤,0.0,5.0,30.0,1.0,1.0,0.0,1.0,0.0,0.0,0.0,1.0,0.0,0.0,1.0,1.0,1.0,1.0,0.0,1000.0,0.0,0.0,1.0
Buff-角色-柏妮思-影画2-热意洞穿,0.0,1.0,0.0,1.0,柏妮思,0.0,我方攻击时，本次攻击的穿透率提升,1.0,360.0,5.0,1.0,,,,,,,,,,,,,,,,,,
Buff-角色-柏妮思-影画4-招式暴击率,0.0,0.0,0.0,1.0,柏妮思,0.0,"""强化特殊技""或""支援攻击""命中敌人时，暴击率提升",0.0,0.0,1.0,1.0,1.0,0.0,1.0,0.0,0.0,0.0,1.0,1.0,1.0,1.0,1.0,1.0,1.0,4.0,1000.0,0.0,0.0,0.0
Buff-武器-精1灼心摇壶-回能,1.0,0.0,0.0,0.0,灼心摇壶,0.0,位于后场时，装备者的能量自动回复提升,1.0,999999.0,1.0,1.0,0.0,0.0,1.0,0.0,0.0,0.0,1.0,0.0,1.0,1.0,1.0,1.0,0.0,1.0,1000.0,0.0,0.0,1.0
Buff-武器-精1灼心摇壶-增伤,1.0,0.0,0.0,0.0,灼心摇壶,0.0,"""强化特殊技""或""支援攻击""命中敌人时增伤",1.0,360.0,10.0,1.0,0.0,0.0,1.0,0.0,1.0,18.0,1.0,0.0,1.0,1.0,1.0,1.0,1.0,1.0,1000.0,0.0,0.0,1.0
Buff-武器-精1灼心摇壶-精通,1.0,0.0,0.0,0.0,灼心摇壶,0.0,获得伤害提升效果时，若叠加层数大于等于5层，则装备者的异常精通额外提升,1.0,360.0,1.0,1.0,0.0,0.0,1.0,0.0,0.0,0.0,1.0,1.0,1.0,1.0,1.0,1.0,1.0,1.0,1000.0,0.0,0.0,0.0
Buff-武器-精2灼心摇壶-回能,1.0,0.0,0.0,0.0,灼心摇壶,0.0,位于后场时，装备者的能量自动回复提升,1.0,999999.0,1.0,1.0,0.0,0.0,1.0,0.0,0.0,0.0,1.0,0.0,1.0,1.0,1.0,1.0,0.0,2.0,1000.0,0.0,0.0,1.0
Buff-武器-精2灼心摇壶-增伤,1.0,0.0,0.0,0.0,灼心摇壶,0.0,"""强化特殊技""或""支援攻击""命中敌人时增伤",1.0,360.0,10.0,1.0,0.0,0.0,1.0,0.0,1.0,18.0,1.0,0.0,1.0,1.0,1.0,1.0,1.0,2.0,1000.0,0.0,0.0,1.0
Buff-武器-精2灼心摇壶-精通,1.0,0.0,0.0,0.0,灼心摇壶,0.0,获得伤害提升效果时，若叠加层数大于等于5层，则装备者的异常精通额外提升,1.0,360.0,1.0,1.0,0.0,0.0,1.0,0.0,0.0,0.0,1.0,1.0,1.0,1.0,1.0,1.0,1.0,2.0,1000.0,0.0,0.0,0.0
Buff-武器-精3灼心摇壶-回能,1.0,0.0,0.0,0.0,灼心摇壶,0.0,位于后场时，装备者的能量自动回复提升,1.0,999999.0,1.0,1.0,0.0,0.0,1.0,0.0,0.0,0.0,1.0,0.0,1.0,1.0,1.0,1.0,0.0,3.0,1000.0,0.0,0.0,1.0
Buff-武器-精3灼心摇壶-增伤,1.0,0.0,0.0,0.0,灼心摇壶,0.0,"""强化特殊技""或""支援攻击""命中敌人时增伤",1.0,360.0,10.0,1.0,0.0,0.0,1.0,0.0,1.0,18.0,1.0,0.0,1.0,1.0,1.0,1.0,1.0,3.0,1000.0,0.0,0.0,1.0
Buff-武器-精3灼心摇壶-精通,1.0,0.0,0.0,0.0,灼心摇壶,0.0,获得伤害提升效果时，若叠加层数大于等于5层，则装备者的异常精通额外提升,1.0,360.0,1.0,1.0,0.0,0.0,1.0,0.0,0.0,0.0,1.0,1.0,1.0,1.0,1.0,1.0,1.0,3.0,1000.0,0.0,0.0,0.0
Buff-武器-精4灼心摇壶-回能,1.0,0.0,0.0,0.0,灼心摇壶,0.0,位于后场时，装备者的能量自动回复提升,1.0,999999.0,1.0,1.0,0.0,0.0,1.0,0.0,0.0,0.0,1.0,0.0,1.0,1.0,1.0,1.0,0.0,4.0,1000.0,0.0,0.0,1.0
Buff-武器-精4灼心摇壶-增伤,1.0,0.0,0.0,0.0,灼心摇壶,0.0,"""强化特殊技""或""支援攻击""命中敌人时增伤",1.0,360.0,10.0,1.0,0.0,0.0,1.0,0.0,1.0,18.0,1.0,0.0,1.0,1.0,1.0,1.0,1.0,4.0,1000.0,0.0,0.0,1.0
Buff-武器-精4灼心摇壶-精通,1.0,0.0,0.0,0.0,灼心摇壶,0.0,获得伤害提升效果时，若叠加层数大于等于5层，则装备者的异常精通额外提升,1.0,360.0,1.0,1.0,0.0,0.0,1.0,0.0,0.0,0.0,1.0,1.0,1.0,1.0,1.0,1.0,1.0,4.0,1000.0,0.0,0.0,0.0
Buff-武器-精5灼心摇壶-回能,1.0,0.0,0.0,0.0,灼心摇壶,0.0,位于后场时，装备者的能量自动回复提升,1.0,999999.0,1.0,1.0,0.0,0.0,1.0,0.0,0.0,0.0,1.0,0.0,1.0,1.0,1.0,1.0,0.0,5.0,1000.0,0.0,0.0,1.0
Buff-武器-精5灼心摇壶-增伤,1.0,0.0,0.0,0.0,灼心摇壶,0.0,"""强化特殊技""或""支援攻击""命中敌人时增伤",1.0,360.0,10.0,1.0,0.0,0.0,1.0,0.0,1.0,18.0,1.0,0.0,1.0,1.0,1.0,1.0,1.0,5.0,1000.0,0.0,0.0,1.0
Buff-武器-精5灼心摇壶-精通,1.0,0.0,0.0,0.0,灼心摇壶,0.0,获得伤害提升效果时，若叠加层数大于等于5层，则装备者的异常精通额外提升,1.0,360.0,1.0,1.0,0.0,0.0,1.0,0.0,0.0,0.0,1.0,1.0,1.0,1.0,1.0,1.0,1.0,5.0,1000.0,0.0,0.0,0.0
Buff-角色-格莉丝-核心被动-电能,0.0,0.0,0.0,0.0,格莉丝,0.0,造成物理伤害时，获得“电能”；到达上限后，发动“特殊技”或“强化特殊技“时，消耗使电属性异常积蓄值提升,0.0,,8.0,1.0,0.0,0.0,1.0,0.0,1.0,,1.0,0.0,,,,,0.0,0.0,1000.0,0.0,0.0,0.0
Buff-角色-格莉丝-组队被动-感电伤害,0.0,1.0,1.0,0.0,格莉丝,0.0,“强化特殊技”命中敌人时，目标下次被施加”感电”效果时，该次”感电“伤害提升,0.0,,2.0,1.0,0.0,0.0,1.0,0.0,1.0,,1.0,1.0,1.0,1.0,1.0,1.0,1.0,0.0,1.0,0.0,0.0,0.0
Buff-角色-格莉丝-影画2-双抗降低,0.0,1.0,0.0,1.0,格莉丝,0.0,投掷手雷命中敌人时，目标的电属性伤害抗性降低、电属性异常积蓄抗性降低,0.0,,1.0,1.0,0.0,0.0,1.0,0.0,1.0,,1.0,1.0,1.0,1.0,1.0,1.0,1.0,0.0,1.0,0.0,0.0,0.0
Buff-武器-精1嵌合编译器-攻击力,1.0,0.0,0.0,0.0,嵌合编译器,0.0,攻击力提升,0.0,,1.0,1.0,0.0,0.0,1.0,0.0,0.0,,1.0,1.0,1.0,1.0,1.0,1.0,1.0,1.0,1000.0,0.0,0.0,0.0
Buff-武器-精1嵌合编译器-精通,1.0,0.0,0.0,0.0,嵌合编译器,0.0,"发动“特殊技”或""强化特殊技""时，异常精通提升",1.0,,3.0,1.0,1.0,0.0,1.0,0.0,0.0,,1.0,1.0,1.0,1.0,1.0,1.0,1.0,1.0,1000.0,0.0,0.0,0.0
Buff-武器-精2嵌合编译器-攻击力,1.0,0.0,0.0,0.0,嵌合编译器,0.0,攻击力提升,0.0,,1.0,1.0,0.0,0.0,1.0,0.0,0.0,,1.0,1.0,1.0,1.0,1.0,1.0,1.0,2.0,1000.0,0.0,0.0,0.0
Buff-武器-精2嵌合编译器-精通,1.0,0.0,0.0,0.0,嵌合编译器,0.0,"发动“特殊技”或""强化特殊技""时，异常精通提升",1.0,,3.0,1.0,1.0,0.0,1.0,0.0,0.0,,1.0,1.0,1.0,1.0,1.0,1.0,1.0,2.0,1000.0,0.0,0.0,0.0
Buff-武器-精3嵌合编译器-攻击力,1.0,0.0,0.0,0.0,嵌合编译器,0.0,攻击力提升,0.0,,1.0,1.0,0.0,0.0,1.0,0.0,0.0,,1.0,1.0,1.0,1.0,1.0,1.0,1.0,3.0,1000.0,0.0,0.0,0.0
Buff-武器-精3嵌合编译器-精通,1.0,0.0,0.0,0.0,嵌合编译器,0.0,"发动“特殊技”或""强化特殊技""时，异常精通提升",1.0,,3.0,1.0,1.0,0.0,1.0,0.0,0.0,,1.0,1.0,1.0,1.0,1.0,1.0,1.0,3.0,1000.0,0.0,0.0,0.0
Buff-武器-精4嵌合编译器-攻击力,1.0,0.0,0.0,0.0,嵌合编译器,0.0,攻击力提升,0.0,,1.0,1.0,0.0,0.0,1.0,0.0,0.0,,1.0,1.0,1.0,1.0,1.0,1.0,1.0,4.0,1000.0,0.0,0.0,0.0
Buff-武器-精4嵌合编译器-精通,1.0,0.0,0.0,0.0,嵌合编译器,0.0,"发动“特殊技”或""强化特殊技""时，异常精通提升",1.0,,3.0,1.0,1.0,0.0,1.0,0.0,0.0,,1.0,1.0,1.0,1.0,1.0,1.0,1.0,4.0,1000.0,0.0,0.0,0.0
Buff-武器-精5嵌合编译器-攻击力,1.0,0.0,0.0,0.0,嵌合编译器,0.0,攻击力提升,0.0,,1.0,1.0,0.0,0.0,1.0,0.0,0.0,,1.0,1.0,1.0,1.0,1.0,1.0,1.0,5.0,1000.0,0.0,0.0,0.0
Buff-武器-精5嵌合编译器-精通,1.0,0.0,0.0,0.0,嵌合编译器,0.0,"发动“特殊技”或""强化特殊技""时，异常精通提升",1.0,,3.0,1.0,1.0,0.0,1.0,0.0,0.0,,1.0,1.0,1.0,1.0,1.0,1.0,1.0,5.0,1000.0,0.0,0.0,0.0
Buff-武器-精1防爆者Ⅵ型-暴击率,1.0,0.0,0.0,0.0,防爆者Ⅵ型,0.0,暴击率提升,0.0,0.0,1.0,1.0,0.0,0.0,1.0,1.0,0.0,0.0,1.0,1.0,1.0,1.0,1.0,1.0,1.0,1.0,1000.0,0.0,0.0,0.0
Buff-武器-精2防爆者Ⅵ型-暴击率,1.0,0.0,0.0,0.0,防爆者Ⅵ型,0.0,暴击率提升,0.0,0.0,1.0,1.0,0.0,0.0,1.0,1.0,0.0,0.0,1.0,1.0,1.0,1.0,1.0,1.0,1.0,2.0,1000.0,0.0,0.0,0.0
Buff-武器-精3防爆者Ⅵ型-暴击率,1.0,0.0,0.0,0.0,防爆者Ⅵ型,0.0,暴击率提升,0.0,0.0,1.0,1.0,0.0,0.0,1.0,1.0,0.0,0.0,1.0,1.0,1.0,1.0,1.0,1.0,1.0,3.0,1000.0,0.0,0.0,0.0
Buff-武器-精4防爆者Ⅵ型-暴击率,1.0,0.0,0.0,0.0,防爆者Ⅵ型,0.0,暴击率提升,0.0,0.0,1.0,1.0,0.0,0.0,1.0,1.0,0.0,0.0,1.0,1.0,1.0,1.0,1.0,1.0,1.0,4.0,1000.0,0.0,0.0,0.0
Buff-武器-精5防爆者Ⅵ型-暴击率,1.0,0.0,0.0,0.0,防爆者Ⅵ型,0.0,暴击率提升,0.0,0.0,1.0,1.0,0.0,0.0,1.0,1.0,0.0,0.0,1.0,1.0,1.0,1.0,1.0,1.0,1.0,5.0,1000.0,0.0,0.0,0.0
Buff-武器-精1防爆者Ⅵ型-普攻增伤,1.0,0.0,0.0,0.0,防爆者Ⅵ型,0.0,为装备者提供8层充能效果，最多叠加8层；[普通攻击]造成以太伤害时，消耗1层充能，使当前招式造成的伤害提升,1.0,9999999.0,8.0,1.0,1.0,0.0,1.0,0.0,0.0,0.0,1.0,0.0,1.0,1.0,1.0,1.0,0.0,1.0,1000.0,0.0,0.0,0.0
Buff-武器-精2防爆者Ⅵ型-普攻增伤,1.0,0.0,0.0,0.0,防爆者Ⅵ型,0.0,为装备者提供8层充能效果，最多叠加8层；[普通攻击]造成以太伤害时，消耗2层充能，使当前招式造成的伤害提升,1.0,9999999.0,8.0,1.0,1.0,0.0,1.0,0.0,0.0,0.0,1.0,0.0,1.0,1.0,1.0,1.0,0.0,2.0,1000.0,0.0,0.0,0.0
Buff-武器-精3防爆者Ⅵ型-普攻增伤,1.0,0.0,0.0,0.0,防爆者Ⅵ型,0.0,为装备者提供8层充能效果，最多叠加8层；[普通攻击]造成以太伤害时，消耗3层充能，使当前招式造成的伤害提升,1.0,9999999.0,8.0,1.0,1.0,0.0,1.0,0.0,0.0,0.0,1.0,0.0,1.0,1.0,1.0,1.0,0.0,3.0,1000.0,0.0,0.0,0.0
Buff-武器-精4防爆者Ⅵ型-普攻增伤,1.0,0.0,0.0,0.0,防爆者Ⅵ型,0.0,为装备者提供8层充能效果，最多叠加8层；[普通攻击]造成以太伤害时，消耗4层充能，使当前招式造成的伤害提升,1.0,9999999.0,8.0,1.0,1.0,0.0,1.0,0.0,0.0,0.0,1.0,0.0,1.0,1.0,1.0,1.0,0.0,4.0,1000.0,0.0,0.0,0.0
Buff-武器-精5防爆者Ⅵ型-普攻增伤,1.0,0.0,0.0,0.0,防爆者Ⅵ型,0.0,为装备者提供8层充能效果，最多叠加8层；[普通攻击]造成以太伤害时，消耗5层充能，使当前招式造成的伤害提升,1.0,9999999.0,8.0,1.0,1.0,0.0,1.0,0.0,0.0,0.0,1.0,0.0,1.0,1.0,1.0,1.0,0.0,5.0,1000.0,0.0,0.0,0.0
Buff-角色-朱鸢-核心被动-强化普攻增伤,0.0,0.0,0.0,0.0,朱鸢,0.0,强化普攻增伤,0.0,0.0,1.0,1.0,1.0,0.0,1.0,0.0,0.0,0.0,1.0,1.0,1.0,1.0,1.0,1.0,1.0,0.0,1000.0,0.0,0.0,0.0
Buff-角色-朱鸢-核心被动-失衡普攻增伤,0.0,0.0,0.0,0.0,朱鸢,0.0,强化普攻攻击失衡敌人时额外增伤,0.0,0.0,1.0,1.0,1.0,0.0,1.0,0.0,0.0,0.0,1.0,0.0,1.0,1.0,1.0,1.0,0.0,0.0,1000.0,0.0,0.0,0.0
Buff-角色-朱鸢-额外能力-暴击率,0.0,0.0,1.0,0.0,朱鸢,0.0,发动[强化特殊技]、[连携技]或[终结技]时，自身暴击率提升,1.0,6000.0,1.0,1.0,1.0,0.0,1.0,0.0,0.0,0.0,1.0,1.0,1.0,1.0,1.0,1.0,1.0,0.0,1000.0,0.0,0.0,0.0
Buff-角色-朱鸢-2画-强化普攻增伤,0.0,0.0,0.0,1.0,朱鸢,0.0,强化普攻增伤,1.0,300.0,5.0,1.0,0.0,0.0,1.0,0.0,1.0,0.0,1.0,1.0,1.0,1.0,1.0,1.0,1.0,2.0,1000.0,0.0,0.0,0.0
Buff-角色-朱鸢-4画-无视以太抗,0.0,0.0,0.0,1.0,朱鸢,0.0,强化普攻无视以太抗性,0.0,0.0,1.0,1.0,0.0,0.0,1.0,0.0,1.0,0.0,1.0,1.0,1.0,1.0,1.0,1.0,1.0,4.0,1000.0,0.0,0.0,0.0
Buff-角色-朱鸢-6画-降低能耗,0.0,0.0,0.0,1.0,朱鸢,0.0,强化特殊技降低能耗,0.0,0.0,1.0,1.0,1.0,0.0,1.0,0.0,0.0,0.0,1.0,0.0,1.0,1.0,1.0,1.0,0.0,6.0,1000.0,0.0,0.0,0.0
Buff-角色-格丽斯-4画-能量获取效率,0.0,0.0,0.0,1.0,格莉丝,0.0,,,,,,,,,,,,,,,,,,,,,,,
Buff-角色-格丽斯-6画-特殊技增伤,0.0,0.0,0.0,1.0,格莉丝,0.0,,,,,,,,,,,,,,,,,,,,,,,
Buff-角色-伊芙琳-核心被动-暴击率提升,0.0,0.0,0.0,0.0,伊芙琳,0.0,拉线时加暴击率,1.0,600.0,1.0,1.0,0.0,0.0,1.0,0.0,1.0,0.0,1.0,0.0,1.0,1.0,1.0,1.0,1.0,0.0,1000.0,0.0,0.0,0.0
Buff-角色-伊芙琳-组队被动-连携技大招增伤,0.0,0.0,1.0,0.0,伊芙琳,0.0,连携技、大招增伤,0.0,0.0,1.0,1.0,0.0,0.0,1.0,1.0,0.0,0.0,1.0,1.0,1.0,1.0,1.0,1.0,1.0,0.0,1000.0,0.0,0.0,0.0
Buff-角色-伊芙琳-组队被动-连携技大招倍率增加,0.0,0.0,1.0,0.0,伊芙琳,0.0,连携技、大招倍率提高,0.0,0.0,1.0,1.0,1.0,0.0,1.0,0.0,0.0,0.0,1.0,0.0,1.0,1.0,1.0,1.0,0.0,0.0,1000.0,0.0,0.0,0.0
Buff-角色-伊芙琳-1画-无视防御力,0.0,0.0,0.0,1.0,伊芙琳,0.0,无视防御力-主目标,0.0,0.0,1.0,1.0,1.0,0.0,1.0,0.0,0.0,0.0,1.0,0.0,1.0,1.0,1.0,1.0,1.0,1.0,1000.0,0.0,0.0,0.0
Buff-角色-伊芙琳-1画-无视防御力扩散,0.0,0.0,0.0,1.0,伊芙琳,0.0,无视防御力-扩散,1.0,600.0,1.0,1.0,1.0,0.0,1.0,0.0,0.0,0.0,1.0,0.0,1.0,1.0,1.0,1.0,1.0,1.0,1.0,0.0,0.0,0.0
Buff-角色-伊芙琳-1画-禁锢触发器,0.0,1.0,0.0,1.0,伊芙琳,0.0,“禁锢”效果触发器,1.0,999999.0,1.0,1.0,0.0,0.0,1.0,0.0,1.0,0.0,1.0,0.0,1.0,1.0,1.0,1.0,0.0,1.0,1.0,0.0,0.0,0.0
Buff-角色-伊芙琳-2画-局内大攻击,0.0,0.0,0.0,1.0,伊芙琳,0.0,局内大攻击,0.0,0.0,1.0,1.0,0.0,0.0,1.0,1.0,0.0,0.0,1.0,1.0,1.0,1.0,1.0,1.0,1.0,2.0,1000.0,0.0,0.0,0.0
Buff-角色-伊芙琳-2画-返还撩火触发器,0.0,0.0,0.0,1.0,伊芙琳,0.0,25秒一次返还怒气,0.0,0.0,1.0,1.0,1.0,0.0,1.0,0.0,0.0,1500.0,1.0,1.0,0.0,1.0,1.0,1.0,1.0,2.0,1000.0,0.0,0.0,0.0
Buff-角色-伊芙琳-2画-连携技打断等级提升,0.0,0.0,0.0,1.0,伊芙琳,0.0,重击的连携技打断等级提高,0.0,0.0,1.0,1.0,1.0,0.0,1.0,0.0,0.0,0.0,1.0,0.0,1.0,1.0,1.0,1.0,1.0,2.0,1000.0,0.0,0.0,0.0
Buff-角色-伊芙琳-4画-护盾给暴伤,0.0,0.0,0.0,1.0,伊芙琳,0.0,护盾存在时给暴伤,0.0,0.0,1.0,1.0,1.0,0.0,1.0,0.0,0.0,0.0,1.0,0.0,1.0,1.0,1.0,1.0,0.0,4.0,1000.0,0.0,0.0,0.0
Buff-角色-伊芙琳-4画-护盾,0.0,0.0,0.0,1.0,伊芙琳,0.0,连携技、终结技给盾,1.0,999999.0,1.0,1.0,1.0,0.0,1.0,0.0,0.0,0.0,1.0,1.0,0.0,1.0,1.0,1.0,1.0,4.0,1000.0,0.0,0.0,0.0
Buff-角色-伊芙琳-6画-额外追击触发器,0.0,0.0,0.0,1.0,伊芙琳,0.0,连携技、大招激活协同攻击触发器,1.0,1200.0,16.0,16.0,1.0,0.0,1.0,0.0,0.0,0.0,1.0,0.0,1.0,1.0,1.0,0.0,1.0,6.0,1000.0,0.0,0.0,0.0
Buff-武器-精1心弦夜响-暴伤,1.0,0.0,0.0,0.0,心弦夜响,0.0,提升爆伤,0.0,0.0,1.0,2.0,0.0,0.0,1.0,1.0,0.0,0.0,1.0,1.0,1.0,1.0,1.0,1.0,1.0,1.0,1000.0,0.0,0.0,0.0
Buff-武器-精2心弦夜响-暴伤,1.0,0.0,0.0,0.0,心弦夜响,0.0,提升爆伤,0.0,0.0,1.0,2.0,0.0,0.0,1.0,1.0,0.0,0.0,1.0,1.0,1.0,1.0,1.0,1.0,1.0,2.0,1000.0,0.0,0.0,0.0
Buff-武器-精3心弦夜响-暴伤,1.0,0.0,0.0,0.0,心弦夜响,0.0,提升爆伤,0.0,0.0,1.0,2.0,0.0,0.0,1.0,1.0,0.0,0.0,1.0,1.0,1.0,1.0,1.0,1.0,1.0,3.0,1000.0,0.0,0.0,0.0
Buff-武器-精4心弦夜响-暴伤,1.0,0.0,0.0,0.0,心弦夜响,0.0,提升爆伤,0.0,0.0,1.0,2.0,0.0,0.0,1.0,1.0,0.0,0.0,1.0,1.0,1.0,1.0,1.0,1.0,1.0,4.0,1000.0,0.0,0.0,0.0
Buff-武器-精5心弦夜响-暴伤,1.0,0.0,0.0,0.0,心弦夜响,0.0,提升爆伤,0.0,0.0,1.0,2.0,0.0,0.0,1.0,1.0,0.0,0.0,1.0,1.0,1.0,1.0,1.0,1.0,1.0,5.0,1000.0,0.0,0.0,0.0
Buff-武器-精1心弦夜响-无视火抗,1.0,0.0,0.0,0.0,心弦夜响,0.0,每层[心弦]会使装备者的[连携技]和[终结技]无视火抗，最多两层,0.0,0.0,2.0,1.0,1.0,0.0,1.0,0.0,0.0,0.0,1.0,0.0,1.0,1.0,1.0,1.0,1.0,1.0,1000.0,0.0,0.0,0.0
Buff-武器-精2心弦夜响-无视火抗,1.0,0.0,0.0,0.0,心弦夜响,0.0,每层[心弦]会使装备者的[连携技]和[终结技]无视火抗，最多两层,0.0,0.0,2.0,1.0,1.0,0.0,1.0,0.0,0.0,0.0,1.0,0.0,1.0,1.0,1.0,1.0,1.0,2.0,1000.0,0.0,0.0,0.0
Buff-武器-精3心弦夜响-无视火抗,1.0,0.0,0.0,0.0,心弦夜响,0.0,每层[心弦]会使装备者的[连携技]和[终结技]无视火抗，最多两层,0.0,0.0,2.0,1.0,1.0,0.0,1.0,0.0,0.0,0.0,1.0,0.0,1.0,1.0,1.0,1.0,1.0,3.0,1000.0,0.0,0.0,0.0
Buff-武器-精4心弦夜响-无视火抗,1.0,0.0,0.0,0.0,心弦夜响,0.0,每层[心弦]会使装备者的[连携技]和[终结技]无视火抗，最多两层,0.0,0.0,2.0,1.0,1.0,0.0,1.0,0.0,0.0,0.0,1.0,0.0,1.0,1.0,1.0,1.0,1.0,4.0,1000.0,0.0,0.0,0.0
Buff-武器-精5心弦夜响-无视火抗,1.0,0.0,0.0,0.0,心弦夜响,0.0,每层[心弦]会使装备者的[连携技]和[终结技]无视火抗，最多两层,0.0,0.0,2.0,1.0,1.0,0.0,1.0,0.0,0.0,0.0,1.0,0.0,1.0,1.0,1.0,1.0,1.0,5.0,1000.0,0.0,0.0,0.0
Buff-武器-精1心弦夜响-心弦触发器,1.0,0.0,0.0,0.0,心弦夜响,0.0,装备者进入接战状态、发动[连携技]、[终结技]时，获得1层[心弦]，,1.0,1800.0,2.0,1.0,1.0,0.0,1.0,0.0,0.0,0.0,1.0,1.0,1.0,1.0,1.0,1.0,1.0,1.0,1000.0,0.0,0.0,0.0
Buff-武器-精2心弦夜响-心弦触发器,1.0,0.0,0.0,0.0,心弦夜响,0.0,装备者进入接战状态、发动[连携技]、[终结技]时，获得1层[心弦]，,1.0,1800.0,2.0,1.0,1.0,0.0,1.0,0.0,0.0,0.0,1.0,1.0,1.0,1.0,1.0,1.0,1.0,2.0,1000.0,0.0,0.0,0.0
Buff-武器-精3心弦夜响-心弦触发器,1.0,0.0,0.0,0.0,心弦夜响,0.0,装备者进入接战状态、发动[连携技]、[终结技]时，获得1层[心弦]，,1.0,1800.0,2.0,1.0,1.0,0.0,1.0,0.0,0.0,0.0,1.0,1.0,1.0,1.0,1.0,1.0,1.0,3.0,1000.0,0.0,0.0,0.0
Buff-武器-精4心弦夜响-心弦触发器,1.0,0.0,0.0,0.0,心弦夜响,0.0,装备者进入接战状态、发动[连携技]、[终结技]时，获得1层[心弦]，,1.0,1800.0,2.0,1.0,1.0,0.0,1.0,0.0,0.0,0.0,1.0,1.0,1.0,1.0,1.0,1.0,1.0,4.0,1000.0,0.0,0.0,0.0
Buff-武器-精5心弦夜响-心弦触发器,1.0,0.0,0.0,0.0,心弦夜响,0.0,装备者进入接战状态、发动[连携技]、[终结技]时，获得1层[心弦]，,1.0,1800.0,2.0,1.0,1.0,0.0,1.0,0.0,0.0,0.0,1.0,1.0,1.0,1.0,1.0,1.0,1.0,5.0,1000.0,0.0,0.0,0.0
Buff-角色-悠真-核心被动-特殊冲刺攻击暴击率,0.0,0.0,0.0,0.0,悠真,0.0,特殊冲刺攻击暴击率提升,0.0,0.0,1.0,1.0,0.0,0.0,1.0,0.0,0.0,0.0,1.0,1.0,1.0,1.0,1.0,1.0,1.0,0.0,1000.0,0.0,0.0,0.0
Buff-角色-悠真-核心被动-特殊冲刺攻击暴伤,0.0,0.0,0.0,0.0,悠真,0.0,特殊冲刺攻击命中且暴击时叠层，提升特殊冲刺攻击暴伤,1.0,300.0,6.0,1.0,0.0,0.0,1.0,0.0,1.0,0.0,1.0,1.0,1.0,1.0,0.0,1.0,1.0,0.0,1000.0,1.0,0.0,0.0
Buff-角色-悠真-组队被动,0.0,0.0,1.0,0.0,悠真,0.0,攻击失衡/属性异常敌人自身增伤,0.0,0.0,1.0,1.0,0.0,0.0,1.0,0.0,1.0,0.0,1.0,0.0,1.0,1.0,1.0,1.0,1.0,0.0,1000.0,0.0,0.0,0.0
Buff-角色-悠真-2画-特殊冲刺攻击增伤,0.0,0.0,0.0,1.0,悠真,0.0,发动连携/终结技时叠层，特殊冲刺攻击增伤,0.0,0.0,7.0,7.0,1.0,0.0,1.0,0.0,0.0,0.0,1.0,1.0,1.0,1.0,1.0,1.0,0.0,0.0,1000.0,0.0,0.0,0.0
Buff-角色-悠真-6画-无视电抗,0.0,0.0,0.0,1.0,悠真,0.0,攻击失衡/属性异常敌人无视电抗,1.0,720.0,1.0,1.0,0.0,0.0,1.0,0.0,1.0,0.0,1.0,0.0,1.0,1.0,1.0,1.0,1.0,0.0,1000.0,0.0,0.0,0.0
Buff-武器-精1残心青囊-暴击率,1.0,0.0,0.0,0.0,残心青囊,0.0,暴击率提升,0.0,0.0,1.0,1.0,0.0,0.0,1.0,1.0,0.0,0.0,1.0,1.0,1.0,1.0,1.0,1.0,1.0,1.0,1000.0,0.0,0.0,0.0
Buff-武器-精2残心青囊-暴击率,1.0,0.0,0.0,0.0,残心青囊,0.0,暴击率提升,0.0,0.0,1.0,1.0,0.0,0.0,1.0,1.0,0.0,0.0,1.0,1.0,1.0,1.0,1.0,1.0,1.0,2.0,1000.0,0.0,0.0,0.0
Buff-武器-精3残心青囊-暴击率,1.0,0.0,0.0,0.0,残心青囊,0.0,暴击率提升,0.0,0.0,1.0,1.0,0.0,0.0,1.0,1.0,0.0,0.0,1.0,1.0,1.0,1.0,1.0,1.0,1.0,3.0,1000.0,0.0,0.0,0.0
Buff-武器-精4残心青囊-暴击率,1.0,0.0,0.0,0.0,残心青囊,0.0,暴击率提升,0.0,0.0,1.0,1.0,0.0,0.0,1.0,1.0,0.0,0.0,1.0,1.0,1.0,1.0,1.0,1.0,1.0,4.0,1000.0,0.0,0.0,0.0
Buff-武器-精5残心青囊-暴击率,1.0,0.0,0.0,0.0,残心青囊,0.0,暴击率提升,0.0,0.0,1.0,1.0,0.0,0.0,1.0,1.0,0.0,0.0,1.0,1.0,1.0,1.0,1.0,1.0,1.0,5.0,1000.0,0.0,0.0,0.0
Buff-武器-精1残心青囊-电属性伤害,1.0,0.0,0.0,0.0,残心青囊,0.0,冲刺攻击造成的电属性伤害提升,0.0,0.0,1.0,1.0,0.0,0.0,1.0,0.0,1.0,0.0,1.0,1.0,1.0,1.0,1.0,1.0,1.0,1.0,1000.0,0.0,0.0,0.0
Buff-武器-精2残心青囊-电属性伤害,1.0,0.0,0.0,0.0,残心青囊,0.0,冲刺攻击造成的电属性伤害提升,0.0,0.0,1.0,1.0,0.0,0.0,1.0,0.0,1.0,0.0,1.0,1.0,1.0,1.0,1.0,1.0,1.0,2.0,1000.0,0.0,0.0,0.0
Buff-武器-精3残心青囊-电属性伤害,1.0,0.0,0.0,0.0,残心青囊,0.0,冲刺攻击造成的电属性伤害提升,0.0,0.0,1.0,1.0,0.0,0.0,1.0,0.0,1.0,0.0,1.0,1.0,1.0,1.0,1.0,1.0,1.0,3.0,1000.0,0.0,0.0,0.0
Buff-武器-精4残心青囊-电属性伤害,1.0,0.0,0.0,0.0,残心青囊,0.0,冲刺攻击造成的电属性伤害提升,0.0,0.0,1.0,1.0,0.0,0.0,1.0,0.0,1.0,0.0,1.0,1.0,1.0,1.0,1.0,1.0,1.0,4.0,1000.0,0.0,0.0,0.0
Buff-武器-精5残心青囊-电属性伤害,1.0,0.0,0.0,0.0,残心青囊,0.0,冲刺攻击造成的电属性伤害提升,0.0,0.0,1.0,1.0,0.0,0.0,1.0,0.0,1.0,0.0,1.0,1.0,1.0,1.0,1.0,1.0,1.0,5.0,1000.0,0.0,0.0,0.0
Buff-武器-精1残心青囊-条件暴击率,1.0,0.0,0.0,0.0,残心青囊,0.0,自身/队友施加属性异常效果或造成失衡时，提升暴击率,1.0,900.0,1.0,1.0,0.0,0.0,1.0,0.0,0.0,0.0,1.0,0.0,1.0,1.0,1.0,1.0,1.0,1.0,1000.0,0.0,0.0,0.0
Buff-武器-精2残心青囊-条件暴击率,1.0,0.0,0.0,0.0,残心青囊,0.0,自身/队友施加属性异常效果或造成失衡时，提升暴击率,1.0,900.0,1.0,1.0,0.0,0.0,1.0,0.0,0.0,0.0,1.0,0.0,1.0,1.0,1.0,1.0,1.0,2.0,1000.0,0.0,0.0,0.0
Buff-武器-精3残心青囊-条件暴击率,1.0,0.0,0.0,0.0,残心青囊,0.0,自身/队友施加属性异常效果或造成失衡时，提升暴击率,1.0,900.0,1.0,1.0,0.0,0.0,1.0,0.0,0.0,0.0,1.0,0.0,1.0,1.0,1.0,1.0,1.0,3.0,1000.0,0.0,0.0,0.0
Buff-武器-精4残心青囊-条件暴击率,1.0,0.0,0.0,0.0,残心青囊,0.0,自身/队友施加属性异常效果或造成失衡时，提升暴击率,1.0,900.0,1.0,1.0,0.0,0.0,1.0,0.0,0.0,0.0,1.0,0.0,1.0,1.0,1.0,1.0,1.0,4.0,1000.0,0.0,0.0,0.0
Buff-武器-精5残心青囊-条件暴击率,1.0,0.0,0.0,0.0,残心青囊,0.0,自身/队友施加属性异常效果或造成失衡时，提升暴击率,1.0,900.0,1.0,1.0,0.0,0.0,1.0,0.0,0.0,0.0,1.0,0.0,1.0,1.0,1.0,1.0,1.0,5.0,1000.0,0.0,0.0,0.0
Buff-角色-艾莲-1画-暴击率,0.0,0.0,0.0,1.0,艾莲,0.0,消耗冰豆提升暴击率,1.0,900.0,6.0,1.0,1.0,0.0,1.0,0.0,0.0,0.0,1.0,0.0,1.0,1.0,1.0,1.0,1.0,1.0,1000.0,0.0,1.0,0.0
Buff-角色-艾莲-2画-强化特殊技额外爆伤,0.0,0.0,0.0,1.0,艾莲,0.0,强化特殊技的爆伤提升,0.0,0.0,3.0,1.0,1.0,0.0,1.0,0.0,0.0,0.0,1.0,0.0,1.0,1.0,1.0,1.0,0.0,2.0,1000.0,0.0,0.0,0.0
Buff-角色-艾莲-4画-能量回复,0.0,0.0,0.0,1.0,艾莲,0.0,敌人冻结或失衡时回复能量,0.0,0.0,1.0,1.0,0.0,0.0,1.0,0.0,0.0,600.0,1.0,0.0,1.0,1.0,1.0,1.0,0.0,4.0,1000.0,0.0,0.0,1.0
Buff-角色-艾莲-6画-穿透率,0.0,0.0,0.0,1.0,艾莲,0.0,发动[强化特殊技]、[连携技]或获得[快蓄]时，穿透率提升,1.0,360.0,1.0,1.0,1.0,0.0,1.0,0.0,0.0,0.0,1.0,0.0,1.0,1.0,1.0,1.0,1.0,6.0,1000.0,0.0,0.0,0.0
Buff-角色-艾莲-6画-冲刺蓄力剪增伤,0.0,0.0,0.0,1.0,艾莲,0.0,蓄力剪击命中敌人时，使当前招式造成的伤害提升,0.0,0.0,1.0,1.0,1.0,0.0,1.0,0.0,0.0,0.0,1.0,0.0,0.0,1.0,1.0,1.0,0.0,6.0,1000.0,0.0,0.0,0.0
Buff-角色-11号-1画-回能,0.0,0.0,0.0,1.0,11号,0.0,进入接战状态或换入前场时，能量不足则回复能量,0.0,0.0,1.0,1.0,0.0,0.0,1.0,0.0,0.0,0.0,1.0,0.0,1.0,1.0,1.0,1.0,0.0,1.0,1000.0,0.0,0.0,0.0
Buff-角色-11号-2画-火力镇压增伤,0.0,0.0,0.0,1.0,11号,0.0,触发火力镇压时，普攻冲攻闪反增伤,1.0,900.0,12.0,1.0,1.0,0.0,1.0,0.0,0.0,0.0,1.0,1.0,1.0,1.0,1.0,1.0,1.0,2.0,1000.0,0.0,0.0,0.0
Buff-角色-11号-6画-火力镇压无视火抗,0.0,0.0,0.0,1.0,11号,0.0,火力镇压无视火抗,0.0,999999.0,8.0,1.0,1.0,0.0,1.0,0.0,0.0,0.0,1.0,0.0,1.0,1.0,1.0,1.0,0.0,6.0,1000.0,0.0,0.0,0.0
Buff-角色-艾莲-快蓄触发器,0.0,0.0,0.0,0.0,艾莲,0.0,艾莲获得快蓄效果,,,,,,,,,,0.0,1.0,,,,,,,,,,,
Buff-角色-柏妮思-组队被动-火积蓄加成,0.0,0.0,1.0,0.0,柏妮思,0.0,重击、强化E、余烬的火积蓄效率提升,0.0,0.0,1.0,1.0,1.0,0.0,1.0,0.0,0.0,0.0,1.0,1.0,1.0,1.0,1.0,1.0,1.0,0.0,1000.0,0.0,0.0,0.0
Buff-角色-柏妮思-1画-余烬倍率提升,0.0,0.0,0.0,1.0,柏妮思,0.0,根据攻击力，余烬倍率提升,0.0,,,,,,,,,0.0,,,,,,,,1.0,1000.0,0.0,0.0,0.0
Buff-角色-柏妮思-1画-余烬火积蓄加成,0.0,0.0,0.0,1.0,柏妮思,0.0,余烬的火属性异常积蓄提升25%,0.0,,,,,,,,,0.0,,,,,,,,1.0,1000.0,0.0,0.0,0.0
Buff-角色-柏妮思-4画-双喷延时触发器,0.0,0.0,0.0,1.0,柏妮思,0.0,双喷时间延长,0.0,0.0,1.0,1.0,0.0,0.0,1.0,1.0,0.0,0.0,1.0,1.0,1.0,1.0,1.0,1.0,1.0,4.0,1000.0,0.0,0.0,0.0
Buff-武器-精1家政员-后场时能量回复,1.0,0.0,0.0,0.0,家政员,0.0,位于后场时自动回能,0.0,0.0,1.0,1.0,0.0,0.0,1.0,0.0,0.0,0.0,1.0,0.0,1.0,1.0,1.0,1.0,1.0,1.0,1000.0,0.0,0.0,0.0
Buff-武器-精2家政员-后场时能量回复,1.0,0.0,0.0,0.0,家政员,0.0,位于后场时自动回能,0.0,0.0,1.0,1.0,0.0,0.0,1.0,0.0,0.0,0.0,1.0,0.0,1.0,1.0,1.0,1.0,1.0,2.0,1000.0,0.0,0.0,0.0
Buff-武器-精3家政员-后场时能量回复,1.0,0.0,0.0,0.0,家政员,0.0,位于后场时自动回能,0.0,0.0,1.0,1.0,0.0,0.0,1.0,0.0,0.0,0.0,1.0,0.0,1.0,1.0,1.0,1.0,1.0,3.0,1000.0,0.0,0.0,0.0
Buff-武器-精4家政员-后场时能量回复,1.0,0.0,0.0,0.0,家政员,0.0,位于后场时自动回能,0.0,0.0,1.0,1.0,0.0,0.0,1.0,0.0,0.0,0.0,1.0,0.0,1.0,1.0,1.0,1.0,1.0,4.0,1000.0,0.0,0.0,0.0
Buff-武器-精5家政员-后场时能量回复,1.0,0.0,0.0,0.0,家政员,0.0,位于后场时自动回能,0.0,0.0,1.0,1.0,0.0,0.0,1.0,0.0,0.0,0.0,1.0,0.0,1.0,1.0,1.0,1.0,1.0,5.0,1000.0,0.0,0.0,0.0
Buff-武器-精1家政员-物理增伤,1.0,0.0,0.0,0.0,家政员,0.0,强化特殊技命中时物理增伤,1.0,60.0,15.0,1.0,0.0,0.0,1.0,0.0,1.0,0.0,1.0,1.0,1.0,1.0,1.0,1.0,1.0,1.0,1000.0,0.0,0.0,0.0
Buff-武器-精2家政员-物理增伤,1.0,0.0,0.0,0.0,家政员,0.0,强化特殊技命中时物理增伤,1.0,60.0,15.0,1.0,0.0,0.0,1.0,0.0,1.0,0.0,1.0,1.0,1.0,1.0,1.0,1.0,1.0,2.0,1000.0,0.0,0.0,0.0
Buff-武器-精3家政员-物理增伤,1.0,0.0,0.0,0.0,家政员,0.0,强化特殊技命中时物理增伤,1.0,60.0,15.0,1.0,0.0,0.0,1.0,0.0,1.0,0.0,1.0,1.0,1.0,1.0,1.0,1.0,1.0,3.0,1000.0,0.0,0.0,0.0
Buff-武器-精4家政员-物理增伤,1.0,0.0,0.0,0.0,家政员,0.0,强化特殊技命中时物理增伤,1.0,60.0,15.0,1.0,0.0,0.0,1.0,0.0,1.0,0.0,1.0,1.0,1.0,1.0,1.0,1.0,1.0,4.0,1000.0,0.0,0.0,0.0
Buff-武器-精5家政员-物理增伤,1.0,0.0,0.0,0.0,家政员,0.0,强化特殊技命中时物理增伤,1.0,60.0,15.0,1.0,0.0,0.0,1.0,0.0,1.0,0.0,1.0,1.0,1.0,1.0,1.0,1.0,1.0,5.0,1000.0,0.0,0.0,0.0
Buff-武器-精1旋钻机-赤轴-电属性增伤,1.0,0.0,0.0,0.0,旋钻机-赤轴,0.0,发动[强化特殊技]或[连携技]时，[普通攻击]和[冲刺攻击]造成的电属性伤害提升,1.0,600.0,1.0,1.0,1.0,0.0,1.0,0.0,0.0,900.0,1.0,1.0,1.0,1.0,1.0,1.0,1.0,1.0,1000.0,0.0,0.0,0.0
Buff-武器-精2旋钻机-赤轴-电属性增伤,1.0,0.0,0.0,0.0,旋钻机-赤轴,0.0,发动[强化特殊技]或[连携技]时，[普通攻击]和[冲刺攻击]造成的电属性伤害提升,1.0,600.0,1.0,1.0,1.0,0.0,1.0,0.0,0.0,900.0,1.0,1.0,1.0,1.0,1.0,1.0,1.0,2.0,1000.0,0.0,0.0,0.0
Buff-武器-精3旋钻机-赤轴-电属性增伤,1.0,0.0,0.0,0.0,旋钻机-赤轴,0.0,发动[强化特殊技]或[连携技]时，[普通攻击]和[冲刺攻击]造成的电属性伤害提升,1.0,600.0,1.0,1.0,1.0,0.0,1.0,0.0,0.0,900.0,1.0,1.0,1.0,1.0,1.0,1.0,1.0,3.0,1000.0,0.0,0.0,0.0
Buff-武器-精4旋钻机-赤轴-电属性增伤,1.0,0.0,0.0,0.0,旋钻机-赤轴,0.0,发动[强化特殊技]或[连携技]时，[普通攻击]和[冲刺攻击]造成的电属性伤害提升,1.0,600.0,1.0,1.0,1.0,0.0,1.0,0.0,0.0,900.0,1.0,1.0,1.0,1.0,1.0,1.0,1.0,4.0,1000.0,0.0,0.0,0.0
Buff-武器-精5旋钻机-赤轴-电属性增伤,1.0,0.0,0.0,0.0,旋钻机-赤轴,0.0,发动[强化特殊技]或[连携技]时，[普通攻击]和[冲刺攻击]造成的电属性伤害提升,1.0,600.0,1.0,1.0,1.0,0.0,1.0,0.0,0.0,900.0,1.0,1.0,1.0,1.0,1.0,1.0,1.0,5.0,1000.0,0.0,0.0,0.0
Buff-武器-精1星徽引擎-攻击力提升,1.0,0.0,0.0,0.0,星徽引擎,0.0,发动[闪避反击]或[快速支援]时，装备者的攻击力提升,1.0,720.0,1.0,1.0,1.0,0.0,1.0,0.0,0.0,0.0,1.0,1.0,1.0,1.0,1.0,1.0,1.0,1.0,1000.0,0.0,0.0,0.0
Buff-武器-精2星徽引擎-攻击力提升,1.0,0.0,0.0,0.0,星徽引擎,0.0,发动[闪避反击]或[快速支援]时，装备者的攻击力提升,1.0,720.0,1.0,1.0,1.0,0.0,1.0,0.0,0.0,0.0,1.0,1.0,1.0,1.0,1.0,1.0,1.0,2.0,1000.0,0.0,0.0,0.0
Buff-武器-精3星徽引擎-攻击力提升,1.0,0.0,0.0,0.0,星徽引擎,0.0,发动[闪避反击]或[快速支援]时，装备者的攻击力提升,1.0,720.0,1.0,1.0,1.0,0.0,1.0,0.0,0.0,0.0,1.0,1.0,1.0,1.0,1.0,1.0,1.0,3.0,1000.0,0.0,0.0,0.0
Buff-武器-精4星徽引擎-攻击力提升,1.0,0.0,0.0,0.0,星徽引擎,0.0,发动[闪避反击]或[快速支援]时，装备者的攻击力提升,1.0,720.0,1.0,1.0,1.0,0.0,1.0,0.0,0.0,0.0,1.0,1.0,1.0,1.0,1.0,1.0,1.0,4.0,1000.0,0.0,0.0,0.0
Buff-武器-精5星徽引擎-攻击力提升,1.0,0.0,0.0,0.0,星徽引擎,0.0,发动[闪避反击]或[快速支援]时，装备者的攻击力提升,1.0,720.0,1.0,1.0,1.0,0.0,1.0,0.0,0.0,0.0,1.0,1.0,1.0,1.0,1.0,1.0,1.0,5.0,1000.0,0.0,0.0,0.0
Buff-武器-精1星鎏金花信-攻击力提升,1.0,0.0,0.0,0.0,鎏金花信,0.0,攻击力提升,0.0,0.0,1.0,1.0,0.0,0.0,1.0,1.0,0.0,0.0,1.0,1.0,1.0,1.0,1.0,1.0,1.0,1.0,1000.0,0.0,0.0,0.0
Buff-武器-精2星鎏金花信-攻击力提升,1.0,0.0,0.0,0.0,鎏金花信,0.0,攻击力提升,0.0,0.0,1.0,1.0,0.0,0.0,1.0,1.0,0.0,0.0,1.0,1.0,1.0,1.0,1.0,1.0,1.0,2.0,1000.0,0.0,0.0,0.0
Buff-武器-精3星鎏金花信-攻击力提升,1.0,0.0,0.0,0.0,鎏金花信,0.0,攻击力提升,0.0,0.0,1.0,1.0,0.0,0.0,1.0,1.0,0.0,0.0,1.0,1.0,1.0,1.0,1.0,1.0,1.0,3.0,1000.0,0.0,0.0,0.0
Buff-武器-精4星鎏金花信-攻击力提升,1.0,0.0,0.0,0.0,鎏金花信,0.0,攻击力提升,0.0,0.0,1.0,1.0,0.0,0.0,1.0,1.0,0.0,0.0,1.0,1.0,1.0,1.0,1.0,1.0,1.0,4.0,1000.0,0.0,0.0,0.0
Buff-武器-精5星鎏金花信-攻击力提升,1.0,0.0,0.0,0.0,鎏金花信,0.0,攻击力提升,0.0,0.0,1.0,1.0,0.0,0.0,1.0,1.0,0.0,0.0,1.0,1.0,1.0,1.0,1.0,1.0,1.0,5.0,1000.0,0.0,0.0,0.0
Buff-武器-精1星鎏金花信-强化特殊技增伤,1.0,0.0,0.0,0.0,鎏金花信,0.0,强特增伤,0.0,0.0,1.0,1.0,0.0,0.0,1.0,1.0,0.0,0.0,1.0,1.0,1.0,1.0,1.0,1.0,1.0,1.0,1000.0,0.0,0.0,0.0
Buff-武器-精2星鎏金花信-强化特殊技增伤,1.0,0.0,0.0,0.0,鎏金花信,0.0,强特增伤,0.0,0.0,1.0,1.0,0.0,0.0,1.0,1.0,0.0,0.0,1.0,1.0,1.0,1.0,1.0,1.0,1.0,2.0,1000.0,0.0,0.0,0.0
Buff-武器-精3星鎏金花信-强化特殊技增伤,1.0,0.0,0.0,0.0,鎏金花信,0.0,强特增伤,0.0,0.0,1.0,1.0,0.0,0.0,1.0,1.0,0.0,0.0,1.0,1.0,1.0,1.0,1.0,1.0,1.0,3.0,1000.0,0.0,0.0,0.0
Buff-武器-精4星鎏金花信-强化特殊技增伤,1.0,0.0,0.0,0.0,鎏金花信,0.0,强特增伤,0.0,0.0,1.0,1.0,0.0,0.0,1.0,1.0,0.0,0.0,1.0,1.0,1.0,1.0,1.0,1.0,1.0,4.0,1000.0,0.0,0.0,0.0
Buff-武器-精5星鎏金花信-强化特殊技增伤,1.0,0.0,0.0,0.0,鎏金花信,0.0,强特增伤,0.0,0.0,1.0,1.0,0.0,0.0,1.0,1.0,0.0,0.0,1.0,1.0,1.0,1.0,1.0,1.0,1.0,5.0,1000.0,0.0,0.0,0.0
Buff-武器-精1星强音热望-攻击力提升,1.0,0.0,0.0,0.0,强音热望,0.0,[强化特殊技]或[连携技]命中敌人时，装备者的攻击力提升,1.0,480.0,1.0,1.0,0.0,0.0,1.0,0.0,1.0,0.0,1.0,1.0,1.0,1.0,1.0,1.0,1.0,1.0,1000.0,0.0,0.0,0.0
Buff-武器-精2星强音热望-攻击力提升,1.0,0.0,0.0,0.0,强音热望,0.0,[强化特殊技]或[连携技]命中敌人时，装备者的攻击力提升,1.0,480.0,1.0,1.0,0.0,0.0,1.0,0.0,1.0,0.0,1.0,1.0,1.0,1.0,1.0,1.0,1.0,2.0,1000.0,0.0,0.0,0.0
Buff-武器-精3星强音热望-攻击力提升,1.0,0.0,0.0,0.0,强音热望,0.0,[强化特殊技]或[连携技]命中敌人时，装备者的攻击力提升,1.0,480.0,1.0,1.0,0.0,0.0,1.0,0.0,1.0,0.0,1.0,1.0,1.0,1.0,1.0,1.0,1.0,3.0,1000.0,0.0,0.0,0.0
Buff-武器-精4星强音热望-攻击力提升,1.0,0.0,0.0,0.0,强音热望,0.0,[强化特殊技]或[连携技]命中敌人时，装备者的攻击力提升,1.0,480.0,1.0,1.0,0.0,0.0,1.0,0.0,1.0,0.0,1.0,1.0,1.0,1.0,1.0,1.0,1.0,4.0,1000.0,0.0,0.0,0.0
Buff-武器-精5星强音热望-攻击力提升,1.0,0.0,0.0,0.0,强音热望,0.0,[强化特殊技]或[连携技]命中敌人时，装备者的攻击力提升,1.0,480.0,1.0,1.0,0.0,0.0,1.0,0.0,1.0,0.0,1.0,1.0,1.0,1.0,1.0,1.0,1.0,5.0,1000.0,0.0,0.0,0.0
Buff-武器-精1星强音热望-额外攻击力提升,1.0,0.0,0.0,0.0,强音热望,0.0,[强化特殊技]或[连携技]命中敌人时，目标处于属性异常状态下，装备者的攻击力提升,1.0,480.0,1.0,1.0,0.0,0.0,1.0,0.0,1.0,0.0,1.0,0.0,1.0,1.0,1.0,1.0,0.0,1.0,1000.0,0.0,0.0,0.0
Buff-武器-精2星强音热望-额外攻击力提升,1.0,0.0,0.0,0.0,强音热望,0.0,[强化特殊技]或[连携技]命中敌人时，目标处于属性异常状态下，装备者的攻击力提升,1.0,480.0,1.0,1.0,0.0,0.0,1.0,0.0,1.0,0.0,1.0,0.0,1.0,1.0,1.0,1.0,0.0,2.0,1000.0,0.0,0.0,0.0
Buff-武器-精3星强音热望-额外攻击力提升,1.0,0.0,0.0,0.0,强音热望,0.0,[强化特殊技]或[连携技]命中敌人时，目标处于属性异常状态下，装备者的攻击力提升,1.0,480.0,1.0,1.0,0.0,0.0,1.0,0.0,1.0,0.0,1.0,0.0,1.0,1.0,1.0,1.0,0.0,3.0,1000.0,0.0,0.0,0.0
Buff-武器-精4星强音热望-额外攻击力提升,1.0,0.0,0.0,0.0,强音热望,0.0,[强化特殊技]或[连携技]命中敌人时，目标处于属性异常状态下，装备者的攻击力提升,1.0,480.0,1.0,1.0,0.0,0.0,1.0,0.0,1.0,0.0,1.0,0.0,1.0,1.0,1.0,1.0,0.0,4.0,1000.0,0.0,0.0,0.0
Buff-武器-精5星强音热望-额外攻击力提升,1.0,0.0,0.0,0.0,强音热望,0.0,[强化特殊技]或[连携技]命中敌人时，目标处于属性异常状态下，装备者的攻击力提升,1.0,480.0,1.0,1.0,0.0,0.0,1.0,0.0,1.0,0.0,1.0,0.0,1.0,1.0,1.0,1.0,0.0,5.0,1000.0,0.0,0.0,0.0
Buff-角色-扳机-核心被动-失衡易伤,0.0,1.0,0.0,0.0,扳机,0.0,扳机的追加攻击命中敌人时提升失衡易伤,1.0,300.0,1.0,1.0,0.0,0.0,1.0,0.0,1.0,0.0,1.0,0.0,1.0,1.0,1.0,1.0,1.0,0.0,1.0,0.0,0.0,1.0
Buff-角色-扳机-额外能力-追加攻击失衡值提升,0.0,0.0,1.0,0.0,扳机,0.0,扳机追加攻击的失衡值提升,1.0,999999.0,75.0,1.0,0.0,0.0,1.0,0.0,1.0,0.0,1.0,0.0,1.0,1.0,0.0,1.0,1.0,0.0,1000.0,0.0,0.0,1.0
Buff-角色-扳机-协同攻击-触发器,0.0,0.0,0.0,0.0,扳机,0.0,触发普通协同、强化协同的触发器,0.0,0.0,1.0,1.0,0.0,0.0,1.0,0.0,1.0,0.0,1.0,0.0,1.0,1.0,0.0,1.0,1.0,0.0,1000.0,0.0,0.0,1.0
Buff-角色-扳机-协战状态-触发器,,,,,,,已废弃,,,,,,,,,,,,,,,,,,,,,,
Buff-角色-扳机-1画-失衡易伤提升,0.0,1.0,0.0,1.0,扳机,0.0,核心被动的失衡易伤进一步提升,1.0,300.0,1.0,1.0,0.0,0.0,1.0,0.0,1.0,0.0,1.0,0.0,1.0,1.0,1.0,1.0,1.0,1.0,1.0,0.0,0.0,1.0
Buff-角色-扳机-1画-决意值提升触发器,,,,,,,已废弃,,,,,,,,,,,,,,,,,,,,,,
Buff-角色-扳机-2画-猎眸,0.0,0.0,0.0,1.0,扳机,0.0,发动追加攻击时触发，全队暴伤,1.0,600.0,4.0,1.0,1.0,0.0,1.0,0.0,0.0,0.0,1.0,0.0,1.0,1.0,1.0,1.0,1.0,2.0,1110.0,0.0,0.0,1.0
Buff-角色-扳机-4画-断离触发器,,,,,,,,,,,,,,,,,,,,,,,,,,,,,
Buff-角色-扳机-6画-破甲凶弹触发器,,,,,,,,,,,,,,,,,,,,,,,,,,,,,
Buff-角色-零号·安比-银星触发器,0.0,1.0,0.0,0.0,零号·安比,0.0,安比的攻击会增加银星，,1.0,999999.0,1.0,1.0,0.0,0.0,1.0,0.0,1.0,0.0,1.0,1.0,1.0,1.0,1.0,1.0,0.0,0.0,1.0,0.0,0.0,0.0
Buff-角色-零号·安比-核心被动-增伤,0.0,0.0,0.0,0.0,零号·安比,0.0,有银星时候增伤,0.0,0.0,1.0,1.0,1.0,0.0,1.0,0.0,0.0,0.0,1.0,0.0,1.0,1.0,1.0,1.0,1.0,0.0,1000.0,0.0,0.0,1.0
Buff-角色-零号·安比-核心被动-受暴伤增加,0.0,1.0,0.0,0.0,零号·安比,0.0,有银星时受到的追加攻击的暴击伤害增加,1.0,999999.0,999999.0,1.0,0.0,0.0,1.0,0.0,1.0,0.0,1.0,0.0,1.0,1.0,0.0,1.0,1.0,0.0,1.0,0.0,0.0,1.0
Buff-角色-零号·安比-组队被动-暴击率提升,0.0,0.0,1.0,0.0,零号·安比,0.0,暴击率提升,0.0,0.0,1.0,1.0,0.0,0.0,1.0,1.0,0.0,0.0,1.0,1.0,1.0,1.0,1.0,1.0,1.0,0.0,1000.0,0.0,0.0,0.0
Buff-角色-零号·安比-组队被动-全队对银星目标增伤,0.0,0.0,1.0,0.0,零号·安比,0.0,全队追击对有银星的敌人增伤25%,0.0,0.0,1.0,1.0,1.0,0.0,1.0,0.0,0.0,0.0,1.0,0.0,1.0,1.0,1.0,1.0,1.0,0.0,1110.0,0.0,0.0,0.0
Buff-角色-零号·安比-2画-暴击率提升,0.0,0.0,0.0,1.0,零号·安比,0.0,暴击率提升,0.0,0.0,1.0,1.0,0.0,0.0,1.0,1.0,0.0,0.0,1.0,1.0,1.0,1.0,1.0,1.0,1.0,2.0,1000.0,0.0,0.0,0.0
Buff-角色-零号·安比-4画-无视电抗,0.0,0.0,0.0,1.0,零号·安比,0.0,命中有银星单位时无视电抗,0.0,0.0,1.0,1.0,1.0,0.0,1.0,0.0,1.0,0.0,1.0,0.0,1.0,1.0,1.0,1.0,1.0,4.0,1000.0,0.0,0.0,0.0
Buff-武器-精1牺牲洁纯-常驻暴伤,1.0,0.0,0.0,0.0,牺牲洁纯,0.0,常驻暴伤,0.0,0.0,1.0,1.0,0.0,0.0,1.0,1.0,0.0,0.0,1.0,1.0,1.0,1.0,1.0,1.0,1.0,1.0,1000.0,0.0,0.0,0.0
Buff-武器-精2牺牲洁纯-常驻暴伤,1.0,0.0,0.0,0.0,牺牲洁纯,0.0,常驻暴伤,0.0,0.0,1.0,1.0,0.0,0.0,1.0,1.0,0.0,0.0,1.0,1.0,1.0,1.0,1.0,1.0,1.0,2.0,1000.0,0.0,0.0,0.0
Buff-武器-精3牺牲洁纯-常驻暴伤,1.0,0.0,0.0,0.0,牺牲洁纯,0.0,常驻暴伤,0.0,0.0,1.0,1.0,0.0,0.0,1.0,1.0,0.0,0.0,1.0,1.0,1.0,1.0,1.0,1.0,1.0,3.0,1000.0,0.0,0.0,0.0
Buff-武器-精4牺牲洁纯-常驻暴伤,1.0,0.0,0.0,0.0,牺牲洁纯,0.0,常驻暴伤,0.0,0.0,1.0,1.0,0.0,0.0,1.0,1.0,0.0,0.0,1.0,1.0,1.0,1.0,1.0,1.0,1.0,4.0,1000.0,0.0,0.0,0.0
Buff-武器-精5牺牲洁纯-常驻暴伤,1.0,0.0,0.0,0.0,牺牲洁纯,0.0,常驻暴伤,0.0,0.0,1.0,1.0,0.0,0.0,1.0,1.0,0.0,0.0,1.0,1.0,1.0,1.0,1.0,1.0,1.0,5.0,1000.0,0.0,0.0,0.0
Buff-武器-精1牺牲洁纯-触发暴伤,1.0,0.0,0.0,0.0,牺牲洁纯,0.0,普攻、特殊技以及追加攻击触发独立叠层暴伤,0.0,1800.0,3.0,1.0,1.0,0.0,1.0,0.0,0.0,0.0,1.0,0.0,0.0,1.0,1.0,1.0,1.0,1.0,1000.0,0.0,1.0,0.0
Buff-武器-精2牺牲洁纯-触发暴伤,1.0,0.0,0.0,0.0,牺牲洁纯,0.0,普攻、特殊技以及追加攻击触发独立叠层暴伤,0.0,1800.0,3.0,1.0,1.0,0.0,1.0,0.0,0.0,0.0,1.0,0.0,0.0,1.0,1.0,1.0,1.0,2.0,1000.0,0.0,1.0,0.0
Buff-武器-精3牺牲洁纯-触发暴伤,1.0,0.0,0.0,0.0,牺牲洁纯,0.0,普攻、特殊技以及追加攻击触发独立叠层暴伤,0.0,1800.0,3.0,1.0,1.0,0.0,1.0,0.0,0.0,0.0,1.0,0.0,0.0,1.0,1.0,1.0,1.0,3.0,1000.0,0.0,1.0,0.0
Buff-武器-精4牺牲洁纯-触发暴伤,1.0,0.0,0.0,0.0,牺牲洁纯,0.0,普攻、特殊技以及追加攻击触发独立叠层暴伤,0.0,1800.0,3.0,1.0,1.0,0.0,1.0,0.0,0.0,0.0,1.0,0.0,0.0,1.0,1.0,1.0,1.0,4.0,1000.0,0.0,1.0,0.0
Buff-武器-精5牺牲洁纯-触发暴伤,1.0,0.0,0.0,0.0,牺牲洁纯,0.0,普攻、特殊技以及追加攻击触发独立叠层暴伤,0.0,1800.0,3.0,1.0,1.0,0.0,1.0,0.0,0.0,0.0,1.0,0.0,0.0,1.0,1.0,1.0,1.0,5.0,1000.0,0.0,1.0,0.0
Buff-武器-精1牺牲洁纯-满层电伤,1.0,0.0,0.0,0.0,牺牲洁纯,0.0,触发暴伤Buff3层时，增加电伤,1.0,999999.0,1.0,1.0,1.0,0.0,1.0,0.0,0.0,0.0,1.0,0.0,1.0,1.0,1.0,1.0,0.0,1.0,1000.0,0.0,0.0,0.0
Buff-武器-精2牺牲洁纯-满层电伤,1.0,0.0,0.0,0.0,牺牲洁纯,0.0,触发暴伤Buff3层时，增加电伤,1.0,999999.0,1.0,1.0,1.0,0.0,1.0,0.0,0.0,0.0,1.0,0.0,1.0,1.0,1.0,1.0,0.0,2.0,1000.0,0.0,0.0,0.0
Buff-武器-精3牺牲洁纯-满层电伤,1.0,0.0,0.0,0.0,牺牲洁纯,0.0,触发暴伤Buff3层时，增加电伤,1.0,999999.0,1.0,1.0,1.0,0.0,1.0,0.0,0.0,0.0,1.0,0.0,1.0,1.0,1.0,1.0,0.0,3.0,1000.0,0.0,0.0,0.0
Buff-武器-精4牺牲洁纯-满层电伤,1.0,0.0,0.0,0.0,牺牲洁纯,0.0,触发暴伤Buff3层时，增加电伤,1.0,999999.0,1.0,1.0,1.0,0.0,1.0,0.0,0.0,0.0,1.0,0.0,1.0,1.0,1.0,1.0,0.0,4.0,1000.0,0.0,0.0,0.0
Buff-武器-精5牺牲洁纯-满层电伤,1.0,0.0,0.0,0.0,牺牲洁纯,0.0,触发暴伤Buff3层时，增加电伤,1.0,999999.0,1.0,1.0,1.0,0.0,1.0,0.0,0.0,0.0,1.0,0.0,1.0,1.0,1.0,1.0,0.0,5.0,1000.0,0.0,0.0,0.0
Buff-驱动盘-如影相随-二件套,0.0,0.0,0.0,0.0,如影相随,0.0,追加攻击和冲刺攻击造成伤害提升,0.0,0.0,1.0,1.0,0.0,0.0,1.0,1.0,0.0,0.0,1.0,1.0,1.0,1.0,1.0,1.0,1.0,0.0,1000.0,0.0,0.0,1.0
Buff-驱动盘-如影相随-四件套,0.0,0.0,0.0,0.0,如影相随,0.0,追加攻击、冲刺攻击命中敌人时提升局内攻击力,1.0,900.0,3.0,1.0,0.0,0.0,1.0,0.0,1.0,0.0,1.0,0.0,1.0,1.0,1.0,1.0,1.0,0.0,1000.0,0.0,0.0,1.0
Buff-武器-精1索魂影眸-减防,1.0,1.0,0.0,0.0,索魂影眸,0.0,电伤追加攻击 使敌人减防,1.0,300.0,1.0,1.0,0.0,0.0,1.0,0.0,1.0,0.0,1.0,0.0,1.0,1.0,1.0,1.0,1.0,1.0,1.0,0.0,0.0,1.0
Buff-武器-精2索魂影眸-减防,1.0,1.0,0.0,0.0,索魂影眸,0.0,电伤追加攻击 使敌人减防,1.0,300.0,1.0,1.0,0.0,0.0,1.0,0.0,1.0,0.0,1.0,0.0,1.0,1.0,1.0,1.0,1.0,2.0,1.0,0.0,0.0,1.0
Buff-武器-精3索魂影眸-减防,1.0,1.0,0.0,0.0,索魂影眸,0.0,电伤追加攻击 使敌人减防,1.0,300.0,1.0,1.0,0.0,0.0,1.0,0.0,1.0,0.0,1.0,0.0,1.0,1.0,1.0,1.0,1.0,3.0,1.0,0.0,0.0,1.0
Buff-武器-精4索魂影眸-减防,1.0,1.0,0.0,0.0,索魂影眸,0.0,电伤追加攻击 使敌人减防,1.0,300.0,1.0,1.0,0.0,0.0,1.0,0.0,1.0,0.0,1.0,0.0,1.0,1.0,1.0,1.0,1.0,4.0,1.0,0.0,0.0,1.0
Buff-武器-精5索魂影眸-减防,1.0,1.0,0.0,0.0,索魂影眸,0.0,电伤追加攻击 使敌人减防,1.0,300.0,1.0,1.0,0.0,0.0,1.0,0.0,1.0,0.0,1.0,0.0,1.0,1.0,1.0,1.0,1.0,5.0,1.0,0.0,0.0,1.0
Buff-武器-精1索魂影眸-魂锁,1.0,0.0,0.0,0.0,索魂影眸,0.0,电伤追加攻击 使装备获得魂锁，提升局内冲击力,1.0,720.0,3.0,1.0,0.0,0.0,1.0,0.0,1.0,0.0,1.0,0.0,1.0,1.0,1.0,1.0,1.0,1.0,1000.0,0.0,1.0,1.0
Buff-武器-精2索魂影眸-魂锁,1.0,0.0,0.0,0.0,索魂影眸,0.0,电伤追加攻击 使装备获得魂锁，提升局内冲击力,1.0,720.0,3.0,1.0,0.0,0.0,1.0,0.0,1.0,0.0,1.0,0.0,1.0,1.0,1.0,1.0,1.0,2.0,1000.0,0.0,1.0,1.0
Buff-武器-精3索魂影眸-魂锁,1.0,0.0,0.0,0.0,索魂影眸,0.0,电伤追加攻击 使装备获得魂锁，提升局内冲击力,1.0,720.0,3.0,1.0,0.0,0.0,1.0,0.0,1.0,0.0,1.0,0.0,1.0,1.0,1.0,1.0,1.0,3.0,1000.0,0.0,1.0,1.0
Buff-武器-精4索魂影眸-魂锁,1.0,0.0,0.0,0.0,索魂影眸,0.0,电伤追加攻击 使装备获得魂锁，提升局内冲击力,1.0,720.0,3.0,1.0,0.0,0.0,1.0,0.0,1.0,0.0,1.0,0.0,1.0,1.0,1.0,1.0,1.0,4.0,1000.0,0.0,1.0,1.0
Buff-武器-精5索魂影眸-魂锁,1.0,0.0,0.0,0.0,索魂影眸,0.0,电伤追加攻击 使装备获得魂锁，提升局内冲击力,1.0,720.0,3.0,1.0,0.0,0.0,1.0,0.0,1.0,0.0,1.0,0.0,1.0,1.0,1.0,1.0,1.0,5.0,1000.0,0.0,1.0,1.0
Buff-武器-精1索魂影眸-冲击力,1.0,0.0,0.0,0.0,索魂影眸,0.0,魂锁满层时额外提升冲击力,1.0,999999.0,1.0,1.0,0.0,0.0,1.0,0.0,1.0,0.0,1.0,0.0,1.0,1.0,1.0,1.0,0.0,1.0,1000.0,0.0,0.0,1.0
Buff-武器-精2索魂影眸-冲击力,1.0,0.0,0.0,0.0,索魂影眸,0.0,魂锁满层时额外提升冲击力,1.0,999999.0,1.0,1.0,0.0,0.0,1.0,0.0,1.0,0.0,1.0,0.0,1.0,1.0,1.0,1.0,0.0,2.0,1000.0,0.0,0.0,1.0
Buff-武器-精3索魂影眸-冲击力,1.0,0.0,0.0,0.0,索魂影眸,0.0,魂锁满层时额外提升冲击力,1.0,999999.0,1.0,1.0,0.0,0.0,1.0,0.0,1.0,0.0,1.0,0.0,1.0,1.0,1.0,1.0,0.0,3.0,1000.0,0.0,0.0,1.0
Buff-武器-精4索魂影眸-冲击力,1.0,0.0,0.0,0.0,索魂影眸,0.0,魂锁满层时额外提升冲击力,1.0,999999.0,1.0,1.0,0.0,0.0,1.0,0.0,1.0,0.0,1.0,0.0,1.0,1.0,1.0,1.0,0.0,4.0,1000.0,0.0,0.0,1.0
Buff-武器-精5索魂影眸-冲击力,1.0,0.0,0.0,0.0,索魂影眸,0.0,魂锁满层时额外提升冲击力,1.0,999999.0,1.0,1.0,0.0,0.0,1.0,0.0,1.0,0.0,1.0,0.0,1.0,1.0,1.0,1.0,0.0,5.0,1000.0,0.0,0.0,1.0
Buff-角色-柳-架势-上弦,0.0,0.0,0.0,0.0,柳,0.0,电伤提升，抗打断等级提升,1.0,480.0,1.0,1.0,1.0,0.0,1.0,0.0,0.0,0.0,1.0,0.0,1.0,1.0,1.0,1.0,1.0,0.0,1000.0,0.0,0.0,0.0
Buff-角色-柳-架势-下弦,0.0,0.0,0.0,0.0,柳,0.0,穿透率提升，普攻打断等级提升,1.0,480.0,1.0,1.0,1.0,0.0,1.0,0.0,0.0,0.0,1.0,0.0,1.0,1.0,1.0,1.0,1.0,0.0,1000.0,0.0,0.0,0.0
Buff-角色-柳-森罗万象,,,,,,,已废弃,,,,,,,,,,,,,,,,,,,,,,
Buff-角色-柳-核心被动-紊乱倍率提升,0.0,1.0,0.0,0.0,柳,0.0,发动强化E后，全队紊乱倍率提高250%,1.0,900.0,1.0,1.0,1.0,0.0,1.0,0.0,0.0,0.0,1.0,1.0,1.0,1.0,1.0,1.0,1.0,0.0,1.0,0.0,0.0,0.0
Buff-角色-柳-核心被动-电伤增幅,0.0,0.0,0.0,0.0,柳,0.0,强化E命中时，电伤提高20%,1.0,900.0,1.0,1.0,0.0,0.0,1.0,0.0,1.0,0.0,1.0,1.0,1.0,1.0,1.0,1.0,1.0,0.0,1000.0,0.0,0.0,0.0
Buff-角色-柳-额外能力-积蓄效率,0.0,0.0,1.0,0.0,柳,0.0,架势切换后，普攻的积蓄值提高,1.0,480.0,1.0,1.0,1.0,0.0,1.0,0.0,0.0,0.0,1.0,1.0,1.0,1.0,1.0,1.0,1.0,0.0,1000.0,0.0,0.0,0.0
Buff-角色-柳-极性紊乱触发器,0.0,0.0,0.0,0.0,柳,0.0,柳极性紊乱的触发器,0.0,0.0,1.0,1.0,0.0,0.0,1.0,0.0,1.0,0.0,1.0,0.0,1.0,1.0,1.0,0.0,1.0,0.0,1000.0,1.0,0.0,1.0
Buff-角色-柳-1画-洞悉,0.0,0.0,0.0,1.0,柳,0.0,队伍中任意角色触发属性异常时叠层,1.0,900.0,3.0,1.0,0.0,0.0,1.0,0.0,1.0,0.0,1.0,1.0,1.0,1.0,1.0,1.0,1.0,1.0,1000.0,0.0,0.0,0.0
Buff-角色-柳-1画-精通增幅,0.0,0.0,0.0,1.0,柳,0.0,1层洞悉触发，精通提升,1.0,999999.0,1.0,1.0,0.0,0.0,1.0,0.0,1.0,0.0,1.0,0.0,1.0,1.0,1.0,1.0,0.0,1.0,1000.0,0.0,0.0,0.0
Buff-角色-柳-2画-积蓄效率,0.0,0.0,0.0,1.0,柳,0.0,快速突刺的积蓄值提升20%,0.0,0.0,1.0,1.0,1.0,0.0,1.0,0.0,0.0,0.0,1.0,1.0,1.0,1.0,1.0,1.0,1.0,2.0,1000.0,0.0,0.0,0.0
Buff-角色-柳-4画-识破,0.0,1.0,0.0,1.0,柳,0.0,月城柳造成属性异常伤害时触发，提升穿透率,1.0,900.0,1.0,1.0,1.0,0.0,1.0,0.0,0.0,0.0,1.0,1.0,1.0,1.0,1.0,1.0,1.0,4.0,1.0,0.0,0.0,0.0
Buff-角色-柳-6画-特殊技伤害提升,0.0,0.0,0.0,1.0,柳,0.0,森罗万象期间强化E伤害提升，,1.0,999999.0,1.0,1.0,0.0,0.0,1.0,0.0,1.0,0.0,1.0,0.0,1.0,1.0,1.0,1.0,0.0,6.0,1000.0,0.0,0.0,0.0
Buff-角色-简-狂热状态触发器,0.0,0.0,0.0,0.0,简,0.0,狂热状态触发器，本身无效果,1.0,999999.0,1.0,1.0,0.0,0.0,1.0,0.0,1.0,0.0,1.0,0.0,1.0,1.0,1.0,1.0,0.0,0.0,1000.0,0.0,0.0,0.0
Buff-角色-简-狂热-物理积蓄效率提升,0.0,0.0,0.0,0.0,简,0.0,狂热状态下的积蓄效率,1.0,999999.0,1.0,1.0,0.0,0.0,1.0,0.0,1.0,0.0,1.0,0.0,1.0,1.0,1.0,1.0,0.0,0.0,1000.0,0.0,0.0,0.0
Buff-角色-简-狂热-额外精通转攻击力,0.0,0.0,0.0,0.0,简,0.0,狂热状态下的精通转攻击力,1.0,999999.0,300.0,1.0,0.0,0.0,1.0,0.0,1.0,0.0,1.0,0.0,1.0,1.0,0.0,1.0,0.0,0.0,1000.0,0.0,0.0,0.0
Buff-角色-简-核心被动-啮咬触发器,0.0,1.0,0.0,0.0,简,0.0,核心被动啮咬触发器,1.0,600.0,1.0,1.0,0.0,0.0,1.0,0.0,1.0,0.0,1.0,1.0,1.0,1.0,1.0,1.0,1.0,0.0,1.0,0.0,0.0,0.0
Buff-角色-简-核心被动-啮咬-强击暴击率提升,0.0,1.0,0.0,0.0,简,0.0,啮咬激活期间，强击暴击率提升,1.0,600.0,100.0,1.0,0.0,0.0,1.0,0.0,1.0,0.0,1.0,0.0,1.0,1.0,0.0,1.0,0.0,0.0,1.0,0.0,0.0,0.0
Buff-角色-简-核心被动-啮咬-强击暴击伤害提升,0.0,1.0,0.0,0.0,简,0.0,啮咬激活期间，强击暴伤提升,1.0,600.0,1.0,1.0,0.0,0.0,1.0,0.0,1.0,0.0,1.0,0.0,1.0,1.0,1.0,1.0,0.0,0.0,1.0,0.0,0.0,0.0
Buff-角色-简-额外能力-物理异常积蓄效率提升,0.0,0.0,1.0,0.0,简,0.0,物理异常积蓄效率提升20%,0.0,0.0,1.0,1.0,0.0,0.0,1.0,1.0,0.0,0.0,1.0,1.0,1.0,1.0,1.0,1.0,1.0,0.0,1000.0,0.0,0.0,0.0
Buff-角色-简-额外能力-物理异常积蓄效率额外提升,0.0,0.0,1.0,0.0,简,0.0,简对处于异常状态下的敌人的积蓄效率额外提升15%,1.0,999999.0,1.0,1.0,0.0,0.0,1.0,0.0,1.0,0.0,1.0,0.0,1.0,1.0,1.0,1.0,0.0,0.0,1000.0,0.0,0.0,0.0
Buff-角色-简-1画-狂热物理异常积蓄效率额外提升,0.0,0.0,0.0,1.0,简,0.0,狂热状态下的积蓄效率进一步提升,1.0,999999.0,1.0,1.0,0.0,0.0,1.0,0.0,1.0,0.0,1.0,0.0,1.0,1.0,1.0,1.0,0.0,1.0,1000.0,0.0,0.0,0.0
Buff-角色-简-1画-精通转增伤,0.0,1.0,0.0,1.0,简,0.0,狂热状态下的精通转攻击力,1.0,999999.0,30.0,1.0,0.0,0.0,1.0,0.0,1.0,0.0,1.0,0.0,1.0,1.0,0.0,1.0,0.0,1.0,1.0,0.0,0.0,0.0
Buff-角色-简-2画-啮咬-强击无视防御与暴击伤害提升,0.0,1.0,0.0,1.0,简,0.0,啮咬激活期间，强击无视防御力，且暴伤提升,1.0,600.0,1.0,1.0,0.0,0.0,1.0,0.0,1.0,0.0,1.0,0.0,1.0,1.0,1.0,1.0,0.0,2.0,1.0,0.0,0.0,0.0
Buff-角色-简-2画-啮咬-攻击无视防御,0.0,0.0,0.0,1.0,简,0.0,啮咬激活期间，简的攻击无视目标防御力,1.0,600.0,1.0,1.0,0.0,0.0,1.0,0.0,1.0,0.0,1.0,0.0,1.0,1.0,1.0,1.0,0.0,2.0,1000.0,0.0,0.0,0.0
Buff-角色-简-4画-全队异常伤害提升,,,,,,,,,,,,,,,,,,,,,,,,,,,,,
Buff-角色-简-6画-双暴提升,,,,,,,,,,,,,,,,,,,,,,,,,,,,,
Buff-角色-简-6画-双暴提升,,,,,,,,,,,,,,,,,,,,,,,,,,,,,
Buff-角色-简-6画-额外攻击触发器,,,,,,,,,,,,,,,,,,,,,,,,,,,,,
Buff-角色-薇薇安-协同攻击触发器,0.0,0.0,0.0,0.0,薇薇安,0.0,控制落羽生花的触发器,0.0,0.0,1.0,1.0,0.0,0.0,1.0,0.0,1.0,0.0,1.0,0.0,1.0,1.0,1.0,0.0,1.0,0.0,1000.0,1.0,0.0,1.0
Buff-角色-薇薇安-羽毛结算触发器,0.0,0.0,0.0,0.0,薇薇安,0.0,控制羽毛数量增减的触发器,0.0,0.0,1.0,1.0,0.0,0.0,1.0,0.0,1.0,0.0,1.0,0.0,1.0,1.0,0.0,1.0,1.0,0.0,1000.0,0.0,0.0,1.0
Buff-角色-薇薇安-核心被动触发器,0.0,0.0,0.0,0.0,薇薇安,0.0,核心被动之复制异常效果,0.0,0.0,1.0,1.0,0.0,0.0,1.0,0.0,1.0,0.0,1.0,0.0,1.0,1.0,1.0,0.0,1.0,0.0,1000.0,1.0,0.0,1.0
Buff-角色-薇薇安-预言触发器,0.0,0.0,0.0,0.0,薇薇安,0.0,添加核心被动Dot的触发器,0.0,0.0,1.0,1.0,0.0,0.0,1.0,0.0,1.0,0.0,1.0,0.0,1.0,1.0,0.0,1.0,1.0,0.0,1000.0,0.0,0.0,1.0
Buff-角色-薇薇安-额外能力-协同攻击触发器,0.0,0.0,0.0,0.0,薇薇安,0.0,队友触发属性异常时，协同释放一次落雨生花,0.0,0.0,1.0,1.0,0.0,0.0,1.0,0.0,1.0,0.0,1.0,0.0,1.0,1.0,1.0,0.0,1.0,0.0,1000.0,1.0,0.0,1.0
Buff-角色-薇薇安-额外能力-全队侵蚀伤害增加,,,,,,,,,,,,,,,,,,,,,,,,,,,,,
Buff-角色-薇薇安-额外能力-侵蚀紊乱伤害提升,,,,,,,,,,,,,,,,,,,,,,,,,,,,,
Buff-角色-薇薇安-1画-全属性异常和紊乱伤害提升,,,,,,,,,,,,,,,,,,,,,,,,,,,,,
Buff-角色-薇薇安-2画-以太积蓄效率提升,,,,,,,,,,,,,,,,,,,,,,,,,,,,,
Buff-角色-薇薇安-2画-异放全属性抗性穿透,,,,,,,,,,,,,,,,,,,,,,,,,,,,,
Buff-角色-薇薇安-4画-悬落与生花必暴,,,,,,,,,,,,,,,,,,,,,,,,,,,,,
Buff-角色-薇薇安-4画-局内攻击力增幅,,,,,,,,,,,,,,,,,,,,,,,,,,,,,
Buff-角色-薇薇安-6画-以太伤害增加,,,,,,,,,,,,,,,,,,,,,,,,,,,,,
